Workbook

Sheet CONFIG
A1: MÉTODO DE NEWTON RAPHSON - PROBLEMA 2
A2: Ecuación: 3sin(0.5x) - 0.5x + 2 = 0
A4: PARÁMETROS:
A5: Tolerancia (TOL): | B5: 1e-06
A6: Máx iteraciones: | B6: 20
A7: Función f(x): | B7: "=3*SENO(0.5*x) - 0.5*x + 2"
A9: RESULTADOS FINALES
B10: Raíz | C10: Error
A11: METODO DE LA BISCECCIÓN
A12: RAÍZ : | B12: =RAÍZ!D22 -> 5.706418 | C12: =RAÍZ!F22 -> -7.7926164e-08
A13: Iteraciones: | B13: =COUNTIF(RAÍZ!H2:H30,"→")+1 -> 20
A15: MÉTODO NEWTON RAPHSON
A16: NEWTON x₀=3.5 | B16: ='NEWTON=5.5'!E5 -> 5.706418 | C16: ='NEWTON=5.5'!F5 -> 4.8058011e-07
A17: Iteraciones: | B17: =COUNTIF('NEWTON=5.5'!G2:G30,"→")+1 -> 3
A19: MÉTODO DE LA SECANTE
A20: RAÍZ 1: | B20: ='SEC=5.0,6.0'!C6 -> 5.7064182 | C20: ='SEC=5.0,6.0'!G6 -> 1.5550628e-07
A21: Iteraciones: | B21: =COUNTIF('SEC=5.0,6.0'!H2:H22,"→")+1 -> 4

Sheet RAÍZ
A1: MÉTODO DE LA BISECCIÓN
A2: ITER | B2: a | C2: b | D2: c | E2: f(a) | F2: f(c) | G2: Error | H2: ¿Parar?
A3: 1 | B3: 5 | C3: 6 | D3: =(B3+C3)/2 -> 5.5 | E3: =3*SIN(0.5*B3) - 0.5*B3 + 2 -> 1.2954164 | F3: =3*SIN(0.5*D3) - 0.5*D3 + 2 -> 0.39498298 | G3: =ABS(C3-B3)/2 -> 0.5 | H3: =IF(OR(ABS(F3)<CONFIG!$B$5,G3<CONFIG!$B$5),"✓","→") -> →
A4: =A3+1 -> 2 | B4: =IF(E3*F3<0,B3,D3) -> 5.5 | C4: =IF(E3*F3<0,D3,C3) -> 6 | D4: =(B4+C4)/2 -> 5.75 | E4: =3*SIN(0.5*B4) - 0.5*B4 + 2 -> 0.39498298 | F4: =3*SIN(0.5*D4) - 0.5*D4 + 2 -> -0.08466202 | G4: =ABS(C4-B4)/2 -> 0.25 | H4: =IF(OR(ABS(F4)<CONFIG!$B$5,G4<CONFIG!$B$5),"✓","→") -> →
A5: =A4+1 -> 3 | B5: =IF(E4*F4<0,B4,D4) -> 5.5 | C5: =IF(E4*F4<0,D4,C4) -> 5.75 | D5: =(B5+C5)/2 -> 5.625 | E5: =3*SIN(0.5*B5) - 0.5*B5 + 2 -> 0.39498298 | F5: =3*SIN(0.5*D5) - 0.5*D5 + 2 -> 0.15705352 | G5: =ABS(C5-B5)/2 -> 0.125 | H5: =IF(OR(ABS(F5)<CONFIG!$B$5,G5<CONFIG!$B$5),"✓","→") -> →
A6: =A5+1 -> 4 | B6: =IF(E5*F5<0,B5,D5) -> 5.625 | C6: =IF(E5*F5<0,D5,C5) -> 5.75 | D6: =(B6+C6)/2 -> 5.6875 | E6: =3*SIN(0.5*B6) - 0.5*B6 + 2 -> 0.15705352 | F6: =3*SIN(0.5*D6) - 0.5*D6 + 2 -> 0.036625586 | G6: =ABS(C6-B6)/2 -> 0.0625 | H6: =IF(OR(ABS(F6)<CONFIG!$B$5,G6<CONFIG!$B$5),"✓","→") -> →
A7: =A6+1 -> 5 | B7: =IF(E6*F6<0,B6,D6) -> 5.6875 | C7: =IF(E6*F6<0,D6,C6) -> 5.75 | D7: =(B7+C7)/2 -> 5.71875 | E7: =3*SIN(0.5*B7) - 0.5*B7 + 2 -> 0.036625586 | F7: =3*SIN(0.5*D7) - 0.5*D7 + 2 -> -0.023916234 | G7: =ABS(C7-B7)/2 -> 0.03125 | H7: =IF(OR(ABS(F7)<CONFIG!$B$5,G7<CONFIG!$B$5),"✓","→") -> →
A8: =A7+1 -> 6 | B8: =IF(E7*F7<0,B7,D7) -> 5.6875 | C8: =IF(E7*F7<0,D7,C7) -> 5.71875 | D8: =(B8+C8)/2 -> 5.703125 | E8: =3*SIN(0.5*B8) - 0.5*B8 + 2 -> 0.036625586 | F8: =3*SIN(0.5*D8) - 0.5*D8 + 2 -> 0.0063808584 | G8: =ABS(C8-B8)/2 -> 0.015625 | H8: =IF(OR(ABS(F8)<CONFIG!$B$5,G8<CONFIG!$B$5),"✓","→") -> →
A9: =A8+1 -> 7 | B9: =IF(E8*F8<0,B8,D8) -> 5.703125 | C9: =IF(E8*F8<0,D8,C8) -> 5.71875 | D9: =(B9+C9)/2 -> 5.7109375 | E9: =3*SIN(0.5*B9) - 0.5*B9 + 2 -> 0.0063808584 | F9: =3*SIN(0.5*D9) - 0.5*D9 + 2 -> -0.008761228 | G9: =ABS(C9-B9)/2 -> 0.0078125 | H9: =IF(OR(ABS(F9)<CONFIG!$B$5,G9<CONFIG!$B$5),"✓","→") -> →
A10: =A9+1 -> 8 | B10: =IF(E9*F9<0,B9,D9) -> 5.703125 | C10: =IF(E9*F9<0,D9,C9) -> 5.7109375 | D10: =(B10+C10)/2 -> 5.7070312 | E10: =3*SIN(0.5*B10) - 0.5*B10 + 2 -> 0.0063808584 | F10: =3*SIN(0.5*D10) - 0.5*D10 + 2 -> -0.0011885591 | G10: =ABS(C10-B10)/2 -> 0.00390625 | H10: =IF(OR(ABS(F10)<CONFIG!$B$5,G10<CONFIG!$B$5),"✓","→") -> →
A11: =A10+1 -> 9 | B11: =IF(E10*F10<0,B10,D10) -> 5.703125 | C11: =IF(E10*F10<0,D10,C10) -> 5.7070312 | D11: =(B11+C11)/2 -> 5.7050781 | E11: =3*SIN(0.5*B11) - 0.5*B11 + 2 -> 0.0063808584 | F11: =3*SIN(0.5*D11) - 0.5*D11 + 2 -> 0.0025965574 | G11: =ABS(C11-B11)/2 -> 0.001953125 | H11: =IF(OR(ABS(F11)<CONFIG!$B$5,G11<CONFIG!$B$5),"✓","→") -> →
A12: =A11+1 -> 10 | B12: =IF(E11*F11<0,B11,D11) -> 5.7050781 | C12: =IF(E11*F11<0,D11,C11) -> 5.7070312 | D12: =(B12+C12)/2 -> 5.7060547 | E12: =3*SIN(0.5*B12) - 0.5*B12 + 2 -> 0.0025965574 | F12: =3*SIN(0.5*D12) - 0.5*D12 + 2 -> 0.00070410092 | G12: =ABS(C12-B12)/2 -> 0.0009765625 | H12: =IF(OR(ABS(F12)<CONFIG!$B$5,G12<CONFIG!$B$5),"✓","→") -> →
A13: =A12+1 -> 11 | B13: =IF(E12*F12<0,B12,D12) -> 5.7060547 | C13: =IF(E12*F12<0,D12,C12) -> 5.7070312 | D13: =(B13+C13)/2 -> 5.706543 | E13: =3*SIN(0.5*B13) - 0.5*B13 + 2 -> 0.00070410092 | F13: =3*SIN(0.5*D13) - 0.5*D13 + 2 -> -0.00024220367 | G13: =ABS(C13-B13)/2 -> 0.00048828125 | H13: =IF(OR(ABS(F13)<CONFIG!$B$5,G13<CONFIG!$B$5),"✓","→") -> →
A14: =A13+1 -> 12 | B14: =IF(E13*F13<0,B13,D13) -> 5.7060547 | C14: =IF(E13*F13<0,D13,C13) -> 5.706543 | D14: =(B14+C14)/2 -> 5.7062988 | E14: =3*SIN(0.5*B14) - 0.5*B14 + 2 -> 0.00070410092 | F14: =3*SIN(0.5*D14) - 0.5*D14 + 2 -> 0.00023095498 | G14: =ABS(C14-B14)/2 -> 0.00024414062 | H14: =IF(OR(ABS(F14)<CONFIG!$B$5,G14<CONFIG!$B$5),"✓","→") -> →
A15: =A14+1 -> 13 | B15: =IF(E14*F14<0,B14,D14) -> 5.7062988 | C15: =IF(E14*F14<0,D14,C14) -> 5.706543 | D15: =(B15+C15)/2 -> 5.7064209 | E15: =3*SIN(0.5*B15) - 0.5*B15 + 2 -> 0.00023095498 | F15: =3*SIN(0.5*D15) - 0.5*D15 + 2 -> -5.6227533e-06 | G15: =ABS(C15-B15)/2 -> 0.00012207031 | H15: =IF(OR(ABS(F15)<CONFIG!$B$5,G15<CONFIG!$B$5),"✓","→") -> →
... A23: =A22+1 -> 21 | B23: =IF(E22*F22<0,B22,D22) -> 5.7064171 | C23: =IF(E22*F22<0,D22,C22) -> 5.706418 | D23: =(B23+C23)/2 -> 5.7064176 | E23: =3*SIN(0.5*B23) - 0.5*B23 + 2 -> 1.7703492e-06 | F23: =3*SIN(0.5*D23) - 0.5*D23 + 2 -> 8.4621152e-07 | G23: =ABS(C23-B23)/2 -> 4.7683716e-07 | H23: =IF(OR(ABS(F23)<CONFIG!$B$5,G23<CONFIG!$B$5),"✓","→") -> ✓

Sheet RESULTADOS
A1: RESULTADOS PROBLEMA 2
A2: MÉTODO DE BISCECCIÓN
A4: RAÍZ : | B4: =RAÍZ!D22 -> 5.706418 | C4: =RAÍZ!F22 -> -7.7926164e-08
A5: Iteraciones: | B5: =COUNTIF(RAÍZ!H3:H22,"→")+1 -> 20

Sheet NEWTON=5.5
A1: MÉTODO NEWTON RAPHSON
A2: ITER | B2: x_n | C2: f(x_n) | D2: f'(x_n) | E2: x_n+1 | F2: Error | G2: ¿Parar?
A3: 1 | B3: 5.5 | C3: =3*SIN(0.5*B3) - 0.5*B3 + 2 -> 0.39498298 | D3: =1.5*COS(0.5*B3) - 0.5 -> -1.8864536 | E3: =B3 - C3/D3 -> 5.7093786 | F3: =ABS(E3-B3) -> 0.20937858 | G3: =IF(OR(ABS(C3)<=CONFIG!$B$5,F3<=CONFIG!$B$5),"✓","→") -> →
A4: =A3+1 -> 2 | B4: =E3 -> 5.7093786 | C4: =3*SIN(0.5*B4) - 0.5*B4 + 2 -> -0.0057387192 | D4: =1.5*COS(0.5*B4) - 0.5 -> -1.9386872 | E4: =B4 - C4/D4 -> 5.7064185 | F4: =ABS(E4-B4) -> 0.0029601059 | G4: =IF(OR(ABS(C4)<=CONFIG!$B$5,F4<=CONFIG!$B$5),"✓","→") -> →
A5: =A4+1 -> 3 | B5: =E4 -> 5.7064185 | C5: =3*SIN(0.5*B5) - 0.5*B5 + 2 -> -9.3139181e-07 | D5: =1.5*COS(0.5*B5) - 0.5 -> -1.9380573 | E5: =B5 - C5/D5 -> 5.706418 | F5: =ABS(E5-B5) -> 4.8058011e-07 | G5: =IF(OR(ABS(C5)<=CONFIG!$B$5,F5<=CONFIG!$B$5),"✓","→") -> ✓

Sheet RESULTADOS (2)
A1: RESULTADOS PROBLEMA 2
A2: MÉTODO NEWTON RAPHSON
A4: NEWTON x₀=3.5 | B4: ='NEWTON=5.5'!E5 -> 5.706418 | C4: ='NEWTON=5.5'!F5 -> 4.8058011e-07
A5: Iteraciones: | B5: =COUNTIF('NEWTON=5.5'!G3:G5,"→")+1 -> 3

Sheet SEC=5.0,6.0
A1: MÉTODO DE LA SECANTE
A2: ITER | B2: x_n-1 | C2: x_n | D2: f(x_n-1) | E2: f(x_n) | F2: x_n+1 | G2: Error | H2: ¿Parar?
A3: 1 | B3: 5 | C3: 6 | D3: =3*SIN(0.5*B3) - 0.5*B3 + 2 -> 1.2954164 | E3: =3*SIN(0.5*C3) - 0.5*C3 + 2 -> -0.57663998 | F3: =C3 - E3*(C3-B3)/(E3-D3) -> 5.6919751 | G3: =ABS(F3-C3) -> 0.30802489 | H3: =IF(OR(ABS(F3)<CONFIG!$B$5,G3<CONFIG!$B$5),"✓","→") -> →
A4: =A3+1 -> 2 | B4: =C3 -> 6 | C4: =F3 -> 5.6919751 | D4: =E3 -> -0.57663998 | E4: =3*SIN(0.5*C4) - 0.5*C4 + 2 -> 0.027968721 | F4: =C4 - E4*(C4-B4)/(E4-D4) -> 5.7062241 | G4: =ABS(F4-C4) -> 0.014248989 | H4: =IF(OR(ABS(F4)<CONFIG!$B$5,G4<CONFIG!$B$5),"✓","→") -> →
A5: =A4+1 -> 3 | B5: =C4 -> 5.6919751 | C5: =F4 -> 5.7062241 | D5: =E4 -> 0.027968721 | E5: =3*SIN(0.5*C5) - 0.5*C5 + 2 -> 0.00037578953 | F5: =C5 - E5*(C5-B5)/(E5-D5) -> 5.7064182 | G5: =ABS(F5-C5) -> 0.0001940577 | H5: =IF(OR(ABS(F5)<CONFIG!$B$5,G5<CONFIG!$B$5),"✓","→") -> →
A6: =A5+1 -> 4 | B6: =C5 -> 5.7062241 | C6: =F5 -> 5.7064182 | D6: =E5 -> 0.00037578953 | E6: =3*SIN(0.5*C6) - 0.5*C6 + 2 -> -3.0137685e-07 | F6: =C6 - E6*(C6-B6)/(E6-D6) -> 5.706418 | G6: =ABS(F6-C6) -> 1.5550628e-07 | H6: =IF(OR(ABS(F6)<CONFIG!$B$5,G6<CONFIG!$B$5),"✓","→") -> ✓

Sheet RESULTADOS (3)
A1: RESULTADOS PROBLEMA 2
A2: MÉTODO DE LA SECANTE
A4: RAÍZ 1: | B4: ='SEC=5.0,6.0'!C6 -> 5.7064182 | C4: ='SEC=5.0,6.0'!G6 -> 1.5550628e-07
A5: Iteraciones: | B5: =COUNTIF('SEC=5.0,6.0'!H3:H6,"→")+1 -> 4
