Workbook

Sheet CONFIG
A1: MÉTODO DE BISCECCIÓN - PROBLEMA 3
A2: Ecuación: x³ - x²e^(-0.5x) - 3x = -1
A4: PARÁMETROS:
A5: Tolerancia (TOL): | B5: 1e-06
A6: Máx iteraciones: | B6: 20
A7: Función f(x): | B7: "=3*SENO(0.5*x) - 0.5*x + 2"
A9: RESULTADOS FINALES
B10: Raíz | C10: Error
A11: METODO DE LA BISCECCIÓN
A12: RAÍZ 1: | B12: ='RAÍZ 1'!D22 -> -1.2340937 | C12: ='RAÍZ 1'!F22 -> -2.9526938e-06
A13: Iteraciones: | B13: =COUNTIF('RAÍZ 1'!H3:H22,"→")+1 -> 20
A15: RAÍZ 2: | B15: ='RAÍZ 2'!D21 -> 0.31546593 | C15: ='RAÍZ 2'!F21 -> 2.3553905e-07
A16: Iteraciones: | B16: =COUNTIF('RAÍZ 2'!H2:H30,"→")+1 -> 19
A18: RAÍZ 3: | B18: ='RAÍZ 3'!D21 -> 1.7802401 | C18: ='RAÍZ 3'!F21 -> -2.5164972e-06
A19: Iteraciones: | B19: =COUNTIF('RAÍZ 3'!H2:H30,"→")+1 -> 19
A21: MÉTODO NEWTON RAPHSON
A22: RAÍZ 1: | B22: ='NEWTON=-1.0'!E7 -> -1.2340933 | C22: ='NEWTON=-1.0'!F7 -> 5.9950851e-09
A23: Iteraciones: | B23: =COUNTIF('NEWTON=-1.0'!G2:G20,"→")+1 -> 5
A25: RAÍZ 2: | B25: ='NEWTON=0.5'!E6 -> 0.315466 | C25: ='NEWTON=0.5'!F6 -> 1.0407841e-11
A26: Iteraciones: | B26: =COUNTIF('NEWTON=0.5'!G2:G20,"→")+1 -> 4
A28: RAÍZ 3: | B28: ='NEWTON=1.8'!E5 -> 1.7802405 | C28: ='NEWTON=1.8'!F5 -> 1.2899808e-07
A29: Iteraciones: | B29: =COUNTIF('NEWTON=1.8'!G2:G20,"→")+1 -> 3
A31: MÉTODO DE LA SECANTE
A32: RAÍZ 1: | B32: ='SEC=-1.5,-0.5'!C12 -> -1.2340933 | C32: ='SEC=-1.5,-0.5'!G12 -> 1.1611065e-09
A33: Iteraciones: | B33: =COUNTIF('SEC=-1.5,-0.5'!H2:H20,"→")+1 -> 10
A35: RAÍZ 2: | B35: ='SEC=1,0'!C7 -> 0.31546665 | C35: ='SEC=1,0'!G7 -> 6.4713658e-07
A36: Iteraciones: | B36: =COUNTIF('SEC=1,0'!H2:H20,"→")+1 -> 5
A38: RAÍZ 2: | B38: ='SEC=1.5,2.0'!C8 -> 1.7802405 | C38: ='SEC=1.5,2.0'!G8 -> 5.8270746e-09
A39: Iteraciones: | B39: =COUNTIF('SEC=1.5,2.0'!H2:H20,"→")+1 -> 6

Sheet RAÍZ 1
A1: MÉTODO DE BISCECCIÓN
A2: ITER | B2: a | C2: b | D2: c | E2: f(a) | F2: f(c) | G2: Error | H2: ¿Parar?
A3: 1 | B3: -1.5 | C3: -0.5 | D3: =(B3+C3)/2 -> -1 | E3: =B3^3 - B3^2*EXP(-0.5*B3) - 3*B3 + 1 -> -2.63825 | F3: =D3^3 - D3^2*EXP(-0.5*D3) - 3*D3 + 1 -> 1.3512787 | G3: =ABS(C3-B3)/2 -> 0.5 | H3: =IF(OR(ABS(F3)<=CONFIG!$B$5,G3<=CONFIG!$B$5),"✓","→") -> →
A4: =A3+1 -> 2 | B4: =IF(E3*F3<0,B3,D3) -> -1.5 | C4: =IF(E3*F3<0,D3,C3) -> -1 | D4: =(B4+C4)/2 -> -1.25 | E4: =B4^3 - B4^2*EXP(-0.5*B4) - 3*B4 + 1 -> -2.63825 | F4: =D4^3 - D4^2*EXP(-0.5*D4) - 3*D4 + 1 -> -0.12225931 | G4: =ABS(C4-B4)/2 -> 0.25 | H4: =IF(OR(ABS(F4)<=CONFIG!$B$5,G4<=CONFIG!$B$5),"✓","→") -> →
A5: =A4+1 -> 3 | B5: =IF(E4*F4<0,B4,D4) -> -1.25 | C5: =IF(E4*F4<0,D4,C4) -> -1 | D5: =(B5+C5)/2 -> -1.125 | E5: =B5^3 - B5^2*EXP(-0.5*B5) - 3*B5 + 1 -> -0.12225931 | F5: =D5^3 - D5^2*EXP(-0.5*D5) - 3*D5 + 1 -> 0.72993082 | G5: =ABS(C5-B5)/2 -> 0.125 | H5: =IF(OR(ABS(F5)<=CONFIG!$B$5,G5<=CONFIG!$B$5),"✓","→") -> →
A6: =A5+1 -> 4 | B6: =IF(E5*F5<0,B5,D5) -> -1.25 | C6: =IF(E5*F5<0,D5,C5) -> -1.125 | D6: =(B6+C6)/2 -> -1.1875 | E6: =B6^3 - B6^2*EXP(-0.5*B6) - 3*B6 + 1 -> -0.12225931 | F6: =D6^3 - D6^2*EXP(-0.5*D6) - 3*D6 + 1 -> 0.33447636 | G6: =ABS(C6-B6)/2 -> 0.0625 | H6: =IF(OR(ABS(F6)<=CONFIG!$B$5,G6<=CONFIG!$B$5),"✓","→") -> →
A7: =A6+1 -> 5 | B7: =IF(E6*F6<0,B6,D6) -> -1.25 | C7: =IF(E6*F6<0,D6,C6) -> -1.1875 | D7: =(B7+C7)/2 -> -1.21875 | E7: =B7^3 - B7^2*EXP(-0.5*B7) - 3*B7 + 1 -> -0.12225931 | F7: =D7^3 - D7^2*EXP(-0.5*D7) - 3*D7 + 1 -> 0.11399815 | G7: =ABS(C7-B7)/2 -> 0.03125 | H7: =IF(OR(ABS(F7)<=CONFIG!$B$5,G7<=CONFIG!$B$5),"✓","→") -> →
A8: =A7+1 -> 6 | B8: =IF(E7*F7<0,B7,D7) -> -1.25 | C8: =IF(E7*F7<0,D7,C7) -> -1.21875 | D8: =(B8+C8)/2 -> -1.234375 | E8: =B8^3 - B8^2*EXP(-0.5*B8) - 3*B8 + 1 -> -0.12225931 | F8: =D8^3 - D8^2*EXP(-0.5*D8) - 3*D8 + 1 -> -0.0021290798 | G8: =ABS(C8-B8)/2 -> 0.015625 | H8: =IF(OR(ABS(F8)<=CONFIG!$B$5,G8<=CONFIG!$B$5),"✓","→") -> →
A9: =A8+1 -> 7 | B9: =IF(E8*F8<0,B8,D8) -> -1.234375 | C9: =IF(E8*F8<0,D8,C8) -> -1.21875 | D9: =(B9+C9)/2 -> -1.2265625 | E9: =B9^3 - B9^2*EXP(-0.5*B9) - 3*B9 + 1 -> -0.0021290798 | F9: =D9^3 - D9^2*EXP(-0.5*D9) - 3*D9 + 1 -> 0.056431255 | G9: =ABS(C9-B9)/2 -> 0.0078125 | H9: =IF(OR(ABS(F9)<=CONFIG!$B$5,G9<=CONFIG!$B$5),"✓","→") -> →
A10: =A9+1 -> 8 | B10: =IF(E9*F9<0,B9,D9) -> -1.234375 | C10: =IF(E9*F9<0,D9,C9) -> -1.2265625 | D10: =(B10+C10)/2 -> -1.2304688 | E10: =B10^3 - B10^2*EXP(-0.5*B10) - 3*B10 + 1 -> -0.0021290798 | F10: =D10^3 - D10^2*EXP(-0.5*D10) - 3*D10 + 1 -> 0.027275723 | G10: =ABS(C10-B10)/2 -> 0.00390625 | H10: =IF(OR(ABS(F10)<=CONFIG!$B$5,G10<=CONFIG!$B$5),"✓","→") -> →
A11: =A10+1 -> 9 | B11: =IF(E10*F10<0,B10,D10) -> -1.234375 | C11: =IF(E10*F10<0,D10,C10) -> -1.2304688 | D11: =(B11+C11)/2 -> -1.2324219 | E11: =B11^3 - B11^2*EXP(-0.5*B11) - 3*B11 + 1 -> -0.0021290798 | F11: =D11^3 - D11^2*EXP(-0.5*D11) - 3*D11 + 1 -> 0.012604538 | G11: =ABS(C11-B11)/2 -> 0.001953125 | H11: =IF(OR(ABS(F11)<=CONFIG!$B$5,G11<=CONFIG!$B$5),"✓","→") -> →
A12: =A11+1 -> 10 | B12: =IF(E11*F11<0,B11,D11) -> -1.234375 | C12: =IF(E11*F11<0,D11,C11) -> -1.2324219 | D12: =(B12+C12)/2 -> -1.2333984 | E12: =B12^3 - B12^2*EXP(-0.5*B12) - 3*B12 + 1 -> -0.0021290798 | F12: =D12^3 - D12^2*EXP(-0.5*D12) - 3*D12 + 1 -> 0.0052455401 | G12: =ABS(C12-B12)/2 -> 0.0009765625 | H12: =IF(OR(ABS(F12)<=CONFIG!$B$5,G12<=CONFIG!$B$5),"✓","→") -> →
A13: =A12+1 -> 11 | B13: =IF(E12*F12<0,B12,D12) -> -1.234375 | C13: =IF(E12*F12<0,D12,C12) -> -1.2333984 | D13: =(B13+C13)/2 -> -1.2338867 | E13: =B13^3 - B13^2*EXP(-0.5*B13) - 3*B13 + 1 -> -0.0021290798 | F13: =D13^3 - D13^2*EXP(-0.5*D13) - 3*D13 + 1 -> 0.0015601838 | G13: =ABS(C13-B13)/2 -> 0.00048828125 | H13: =IF(OR(ABS(F13)<=CONFIG!$B$5,G13<=CONFIG!$B$5),"✓","→") -> →
A14: =A13+1 -> 12 | B14: =IF(E13*F13<0,B13,D13) -> -1.234375 | C14: =IF(E13*F13<0,D13,C13) -> -1.2338867 | D14: =(B14+C14)/2 -> -1.2341309 | E14: =B14^3 - B14^2*EXP(-0.5*B14) - 3*B14 + 1 -> -0.0021290798 | F14: =D14^3 - D14^2*EXP(-0.5*D14) - 3*D14 + 1 -> -0.00028395948 | G14: =ABS(C14-B14)/2 -> 0.00024414062 | H14: =IF(OR(ABS(F14)<=CONFIG!$B$5,G14<=CONFIG!$B$5),"✓","→") -> →
A15: =A14+1 -> 13 | B15: =IF(E14*F14<0,B14,D14) -> -1.2341309 | C15: =IF(E14*F14<0,D14,C14) -> -1.2338867 | D15: =(B15+C15)/2 -> -1.2340088 | E15: =B15^3 - B15^2*EXP(-0.5*B15) - 3*B15 + 1 -> -0.00028395948 | F15: =D15^3 - D15^2*EXP(-0.5*D15) - 3*D15 + 1 -> 0.00063823428 | G15: =ABS(C15-B15)/2 -> 0.00012207031 | H15: =IF(OR(ABS(F15)<=CONFIG!$B$5,G15<=CONFIG!$B$5),"✓","→") -> →
... A23: =A22+1 -> 21 | B23: =IF(E22*F22<0,B22,D22) -> -1.2340937 | C23: =IF(E22*F22<0,D22,C22) -> -1.2340927 | D23: =(B23+C23)/2 -> -1.2340932 | E23: =B23^3 - B23^2*EXP(-0.5*B23) - 3*B23 + 1 -> -2.9526938e-06 | F23: =D23^3 - D23^2*EXP(-0.5*D23) - 3*D23 + 1 -> 6.4981003e-07 | G23: =ABS(C23-B23)/2 -> 4.7683716e-07 | H23: =IF(OR(ABS(F23)<=CONFIG!$B$5,G23<=CONFIG!$B$5),"✓","→") -> ✓

Sheet RAÍZ 2
A1: MÉTODO DE BISCECCIÓN
A2: ITER | B2: a | C2: b | D2: c | E2: f(a) | F2: f(c) | G2: Error | H2: ¿Parar?
A3: 1 | B3: 0 | C3: 1 | D3: =(B3+C3)/2 -> 0.5 | E3: =B3^3 - B3^2*EXP(-0.5*B3) - 3*B3 + 1 -> 1 | F3: =D3^3 - D3^2*EXP(-0.5*D3) - 3*D3 + 1 -> -0.5697002 | G3: =ABS(C3-B3)/2 -> 0.5 | H3: =IF(OR(ABS(F3)<=CONFIG!$B$5,G3<=CONFIG!$B$5),"✓","→") -> →
A4: =A3+1 -> 2 | B4: =IF(E3*F3<0,B3,D3) -> 0 | C4: =IF(E3*F3<0,D3,C3) -> 0.5 | D4: =(B4+C4)/2 -> 0.25 | E4: =B4^3 - B4^2*EXP(-0.5*B4) - 3*B4 + 1 -> 1 | F4: =D4^3 - D4^2*EXP(-0.5*D4) - 3*D4 + 1 -> 0.21046894 | G4: =ABS(C4-B4)/2 -> 0.25 | H4: =IF(OR(ABS(F4)<=CONFIG!$B$5,G4<=CONFIG!$B$5),"✓","→") -> →
A5: =A4+1 -> 3 | B5: =IF(E4*F4<0,B4,D4) -> 0.25 | C5: =IF(E4*F4<0,D4,C4) -> 0.5 | D5: =(B5+C5)/2 -> 0.375 | E5: =B5^3 - B5^2*EXP(-0.5*B5) - 3*B5 + 1 -> 0.21046894 | F5: =D5^3 - D5^2*EXP(-0.5*D5) - 3*D5 + 1 -> -0.18884784 | G5: =ABS(C5-B5)/2 -> 0.125 | H5: =IF(OR(ABS(F5)<=CONFIG!$B$5,G5<=CONFIG!$B$5),"✓","→") -> →
A6: =A5+1 -> 4 | B6: =IF(E5*F5<0,B5,D5) -> 0.25 | C6: =IF(E5*F5<0,D5,C5) -> 0.375 | D6: =(B6+C6)/2 -> 0.3125 | E6: =B6^3 - B6^2*EXP(-0.5*B6) - 3*B6 + 1 -> 0.21046894 | F6: =D6^3 - D6^2*EXP(-0.5*D6) - 3*D6 + 1 -> 0.009487761 | G6: =ABS(C6-B6)/2 -> 0.0625 | H6: =IF(OR(ABS(F6)<=CONFIG!$B$5,G6<=CONFIG!$B$5),"✓","→") -> →
A7: =A6+1 -> 5 | B7: =IF(E6*F6<0,B6,D6) -> 0.3125 | C7: =IF(E6*F6<0,D6,C6) -> 0.375 | D7: =(B7+C7)/2 -> 0.34375 | E7: =B7^3 - B7^2*EXP(-0.5*B7) - 3*B7 + 1 -> 0.009487761 | F7: =D7^3 - D7^2*EXP(-0.5*D7) - 3*D7 + 1 -> -0.09013522 | G7: =ABS(C7-B7)/2 -> 0.03125 | H7: =IF(OR(ABS(F7)<=CONFIG!$B$5,G7<=CONFIG!$B$5),"✓","→") -> →
A8: =A7+1 -> 6 | B8: =IF(E7*F7<0,B7,D7) -> 0.3125 | C8: =IF(E7*F7<0,D7,C7) -> 0.34375 | D8: =(B8+C8)/2 -> 0.328125 | E8: =B8^3 - B8^2*EXP(-0.5*B8) - 3*B8 + 1 -> 0.009487761 | F8: =D8^3 - D8^2*EXP(-0.5*D8) - 3*D8 + 1 -> -0.040422049 | G8: =ABS(C8-B8)/2 -> 0.015625 | H8: =IF(OR(ABS(F8)<=CONFIG!$B$5,G8<=CONFIG!$B$5),"✓","→") -> →
A9: =A8+1 -> 7 | B9: =IF(E8*F8<0,B8,D8) -> 0.3125 | C9: =IF(E8*F8<0,D8,C8) -> 0.328125 | D9: =(B9+C9)/2 -> 0.3203125 | E9: =B9^3 - B9^2*EXP(-0.5*B9) - 3*B9 + 1 -> 0.009487761 | F9: =D9^3 - D9^2*EXP(-0.5*D9) - 3*D9 + 1 -> -0.015489782 | G9: =ABS(C9-B9)/2 -> 0.0078125 | H9: =IF(OR(ABS(F9)<=CONFIG!$B$5,G9<=CONFIG!$B$5),"✓","→") -> →
A10: =A9+1 -> 8 | B10: =IF(E9*F9<0,B9,D9) -> 0.3125 | C10: =IF(E9*F9<0,D9,C9) -> 0.3203125 | D10: =(B10+C10)/2 -> 0.31640625 | E10: =B10^3 - B10^2*EXP(-0.5*B10) - 3*B10 + 1 -> 0.009487761 | F10: =D10^3 - D10^2*EXP(-0.5*D10) - 3*D10 + 1 -> -0.003006427 | G10: =ABS(C10-B10)/2 -> 0.00390625 | H10: =IF(OR(ABS(F10)<=CONFIG!$B$5,G10<=CONFIG!$B$5),"✓","→") -> →
A11: =A10+1 -> 9 | B11: =IF(E10*F10<0,B10,D10) -> 0.3125 | C11: =IF(E10*F10<0,D10,C10) -> 0.31640625 | D11: =(B11+C11)/2 -> 0.31445312 | E11: =B11^3 - B11^2*EXP(-0.5*B11) - 3*B11 + 1 -> 0.009487761 | F11: =D11^3 - D11^2*EXP(-0.5*D11) - 3*D11 + 1 -> 0.0032393433 | G11: =ABS(C11-B11)/2 -> 0.001953125 | H11: =IF(OR(ABS(F11)<=CONFIG!$B$5,G11<=CONFIG!$B$5),"✓","→") -> →
A12: =A11+1 -> 10 | B12: =IF(E11*F11<0,B11,D11) -> 0.31445312 | C12: =IF(E11*F11<0,D11,C11) -> 0.31640625 | D12: =(B12+C12)/2 -> 0.31542969 | E12: =B12^3 - B12^2*EXP(-0.5*B12) - 3*B12 + 1 -> 0.0032393433 | F12: =D12^3 - D12^2*EXP(-0.5*D12) - 3*D12 + 1 -> 0.00011612344 | G12: =ABS(C12-B12)/2 -> 0.0009765625 | H12: =IF(OR(ABS(F12)<=CONFIG!$B$5,G12<=CONFIG!$B$5),"✓","→") -> →
A13: =A12+1 -> 11 | B13: =IF(E12*F12<0,B12,D12) -> 0.31542969 | C13: =IF(E12*F12<0,D12,C12) -> 0.31640625 | D13: =(B13+C13)/2 -> 0.31591797 | E13: =B13^3 - B13^2*EXP(-0.5*B13) - 3*B13 + 1 -> 0.00011612344 | F13: =D13^3 - D13^2*EXP(-0.5*D13) - 3*D13 + 1 -> -0.0014452359 | G13: =ABS(C13-B13)/2 -> 0.00048828125 | H13: =IF(OR(ABS(F13)<=CONFIG!$B$5,G13<=CONFIG!$B$5),"✓","→") -> →
A14: =A13+1 -> 12 | B14: =IF(E13*F13<0,B13,D13) -> 0.31542969 | C14: =IF(E13*F13<0,D13,C13) -> 0.31591797 | D14: =(B14+C14)/2 -> 0.31567383 | E14: =B14^3 - B14^2*EXP(-0.5*B14) - 3*B14 + 1 -> 0.00011612344 | F14: =D14^3 - D14^2*EXP(-0.5*D14) - 3*D14 + 1 -> -0.00066457723 | G14: =ABS(C14-B14)/2 -> 0.00024414062 | H14: =IF(OR(ABS(F14)<=CONFIG!$B$5,G14<=CONFIG!$B$5),"✓","→") -> →
A15: =A14+1 -> 13 | B15: =IF(E14*F14<0,B14,D14) -> 0.31542969 | C15: =IF(E14*F14<0,D14,C14) -> 0.31567383 | D15: =(B15+C15)/2 -> 0.31555176 | E15: =B15^3 - B15^2*EXP(-0.5*B15) - 3*B15 + 1 -> 0.00011612344 | F15: =D15^3 - D15^2*EXP(-0.5*D15) - 3*D15 + 1 -> -0.00027423213 | G15: =ABS(C15-B15)/2 -> 0.00012207031 | H15: =IF(OR(ABS(F15)<=CONFIG!$B$5,G15<=CONFIG!$B$5),"✓","→") -> →
... A23: =A22+1 -> 21 | B23: =IF(E22*F22<0,B22,D22) -> 0.31546593 | C23: =IF(E22*F22<0,D22,C22) -> 0.31546688 | D23: =(B23+C23)/2 -> 0.3154664 | E23: =B23^3 - B23^2*EXP(-0.5*B23) - 3*B23 + 1 -> 2.3553905e-07 | F23: =D23^3 - D23^2*EXP(-0.5*D23) - 3*D23 + 1 -> -1.2892956e-06 | G23: =ABS(C23-B23)/2 -> 4.7683716e-07 | H23: =IF(OR(ABS(F23)<=CONFIG!$B$5,G23<=CONFIG!$B$5),"✓","→") -> ✓

Sheet RAÍZ 3
A1: MÉTODO DE BISECCIÓN
A2: ITER | B2: a | C2: b | D2: c | E2: f(a) | F2: f(c) | G2: Error | H2: ¿Parar?
A3: 1 | B3: 1.5 | C3: 2 | D3: =(B3+C3)/2 -> 1.75 | E3: =B3^3 - B3^2*EXP(-0.5*B3) - 3*B3 + 1 -> -1.1878247 | F3: =D3^3 - D3^2*EXP(-0.5*D3) - 3*D3 + 1 -> -0.16726494 | G3: =ABS(C3-B3)/2 -> 0.25 | H3: =IF(OR(ABS(F3)<=CONFIG!$B$5,G3<=CONFIG!$B$5),"✓","→") -> →
A4: =A3+1 -> 2 | B4: =IF(E3*F3<0,B3,D3) -> 1.75 | C4: =IF(E3*F3<0,D3,C3) -> 2 | D4: =(B4+C4)/2 -> 1.875 | E4: =B4^3 - B4^2*EXP(-0.5*B4) - 3*B4 + 1 -> -0.16726494 | F4: =D4^3 - D4^2*EXP(-0.5*D4) - 3*D4 + 1 -> 0.59005834 | G4: =ABS(C4-B4)/2 -> 0.125 | H4: =IF(OR(ABS(F4)<=CONFIG!$B$5,G4<=CONFIG!$B$5),"✓","→") -> →
A5: =A4+1 -> 3 | B5: =IF(E4*F4<0,B4,D4) -> 1.75 | C5: =IF(E4*F4<0,D4,C4) -> 1.875 | D5: =(B5+C5)/2 -> 1.8125 | E5: =B5^3 - B5^2*EXP(-0.5*B5) - 3*B5 + 1 -> -0.16726494 | F5: =D5^3 - D5^2*EXP(-0.5*D5) - 3*D5 + 1 -> 0.18952259 | G5: =ABS(C5-B5)/2 -> 0.0625 | H5: =IF(OR(ABS(F5)<=CONFIG!$B$5,G5<=CONFIG!$B$5),"✓","→") -> →
A6: =A5+1 -> 4 | B6: =IF(E5*F5<0,B5,D5) -> 1.75 | C6: =IF(E5*F5<0,D5,C5) -> 1.8125 | D6: =(B6+C6)/2 -> 1.78125 | E6: =B6^3 - B6^2*EXP(-0.5*B6) - 3*B6 + 1 -> -0.16726494 | F6: =D6^3 - D6^2*EXP(-0.5*D6) - 3*D6 + 1 -> 0.0057561881 | G6: =ABS(C6-B6)/2 -> 0.03125 | H6: =IF(OR(ABS(F6)<=CONFIG!$B$5,G6<=CONFIG!$B$5),"✓","→") -> →
A7: =A6+1 -> 5 | B7: =IF(E6*F6<0,B6,D6) -> 1.75 | C7: =IF(E6*F6<0,D6,C6) -> 1.78125 | D7: =(B7+C7)/2 -> 1.765625 | E7: =B7^3 - B7^2*EXP(-0.5*B7) - 3*B7 + 1 -> -0.16726494 | F7: =D7^3 - D7^2*EXP(-0.5*D7) - 3*D7 + 1 -> -0.082085518 | G7: =ABS(C7-B7)/2 -> 0.015625 | H7: =IF(OR(ABS(F7)<=CONFIG!$B$5,G7<=CONFIG!$B$5),"✓","→") -> →
A8: =A7+1 -> 6 | B8: =IF(E7*F7<0,B7,D7) -> 1.765625 | C8: =IF(E7*F7<0,D7,C7) -> 1.78125 | D8: =(B8+C8)/2 -> 1.7734375 | E8: =B8^3 - B8^2*EXP(-0.5*B8) - 3*B8 + 1 -> -0.082085518 | F8: =D8^3 - D8^2*EXP(-0.5*D8) - 3*D8 + 1 -> -0.038498954 | G8: =ABS(C8-B8)/2 -> 0.0078125 | H8: =IF(OR(ABS(F8)<=CONFIG!$B$5,G8<=CONFIG!$B$5),"✓","→") -> →
A9: =A8+1 -> 7 | B9: =IF(E8*F8<0,B8,D8) -> 1.7734375 | C9: =IF(E8*F8<0,D8,C8) -> 1.78125 | D9: =(B9+C9)/2 -> 1.7773438 | E9: =B9^3 - B9^2*EXP(-0.5*B9) - 3*B9 + 1 -> -0.038498954 | F9: =D9^3 - D9^2*EXP(-0.5*D9) - 3*D9 + 1 -> -0.016455143 | G9: =ABS(C9-B9)/2 -> 0.00390625 | H9: =IF(OR(ABS(F9)<=CONFIG!$B$5,G9<=CONFIG!$B$5),"✓","→") -> →
A10: =A9+1 -> 8 | B10: =IF(E9*F9<0,B9,D9) -> 1.7773438 | C10: =IF(E9*F9<0,D9,C9) -> 1.78125 | D10: =(B10+C10)/2 -> 1.7792969 | E10: =B10^3 - B10^2*EXP(-0.5*B10) - 3*B10 + 1 -> -0.016455143 | F10: =D10^3 - D10^2*EXP(-0.5*D10) - 3*D10 + 1 -> -0.0053704411 | G10: =ABS(C10-B10)/2 -> 0.001953125 | H10: =IF(OR(ABS(F10)<=CONFIG!$B$5,G10<=CONFIG!$B$5),"✓","→") -> →
A11: =A10+1 -> 9 | B11: =IF(E10*F10<0,B10,D10) -> 1.7792969 | C11: =IF(E10*F10<0,D10,C10) -> 1.78125 | D11: =(B11+C11)/2 -> 1.7802734 | E11: =B11^3 - B11^2*EXP(-0.5*B11) - 3*B11 + 1 -> -0.0053704411 | F11: =D11^3 - D11^2*EXP(-0.5*D11) - 3*D11 + 1 -> 0.0001876297 | G11: =ABS(C11-B11)/2 -> 0.0009765625 | H11: =IF(OR(ABS(F11)<=CONFIG!$B$5,G11<=CONFIG!$B$5),"✓","→") -> →
A12: =A11+1 -> 10 | B12: =IF(E11*F11<0,B11,D11) -> 1.7792969 | C12: =IF(E11*F11<0,D11,C11) -> 1.7802734 | D12: =(B12+C12)/2 -> 1.7797852 | E12: =B12^3 - B12^2*EXP(-0.5*B12) - 3*B12 + 1 -> -0.0053704411 | F12: =D12^3 - D12^2*EXP(-0.5*D12) - 3*D12 + 1 -> -0.0025927163 | G12: =ABS(C12-B12)/2 -> 0.00048828125 | H12: =IF(OR(ABS(F12)<=CONFIG!$B$5,G12<=CONFIG!$B$5),"✓","→") -> →
A13: =A12+1 -> 11 | B13: =IF(E12*F12<0,B12,D12) -> 1.7797852 | C13: =IF(E12*F12<0,D12,C12) -> 1.7802734 | D13: =(B13+C13)/2 -> 1.7800293 | E13: =B13^3 - B13^2*EXP(-0.5*B13) - 3*B13 + 1 -> -0.0025927163 | F13: =D13^3 - D13^2*EXP(-0.5*D13) - 3*D13 + 1 -> -0.001202871 | G13: =ABS(C13-B13)/2 -> 0.00024414062 | H13: =IF(OR(ABS(F13)<=CONFIG!$B$5,G13<=CONFIG!$B$5),"✓","→") -> →
A14: =A13+1 -> 12 | B14: =IF(E13*F13<0,B13,D13) -> 1.7800293 | C14: =IF(E13*F13<0,D13,C13) -> 1.7802734 | D14: =(B14+C14)/2 -> 1.7801514 | E14: =B14^3 - B14^2*EXP(-0.5*B14) - 3*B14 + 1 -> -0.001202871 | F14: =D14^3 - D14^2*EXP(-0.5*D14) - 3*D14 + 1 -> -0.00050770257 | G14: =ABS(C14-B14)/2 -> 0.00012207031 | H14: =IF(OR(ABS(F14)<=CONFIG!$B$5,G14<=CONFIG!$B$5),"✓","→") -> →
A15: =A14+1 -> 13 | B15: =IF(E14*F14<0,B14,D14) -> 1.7801514 | C15: =IF(E14*F14<0,D14,C14) -> 1.7802734 | D15: =(B15+C15)/2 -> 1.7802124 | E15: =B15^3 - B15^2*EXP(-0.5*B15) - 3*B15 + 1 -> -0.00050770257 | F15: =D15^3 - D15^2*EXP(-0.5*D15) - 3*D15 + 1 -> -0.00016005692 | G15: =ABS(C15-B15)/2 -> 6.1035156e-05 | H15: =IF(OR(ABS(F15)<=CONFIG!$B$5,G15<=CONFIG!$B$5),"✓","→") -> →
... A23: =A22+1 -> 21 | B23: =IF(E22*F22<0,B22,D22) -> 1.7802401 | C23: =IF(E22*F22<0,D22,C22) -> 1.7802405 | D23: =(B23+C23)/2 -> 1.7802403 | E23: =B23^3 - B23^2*EXP(-0.5*B23) - 3*B23 + 1 -> -2.5164972e-06 | F23: =D23^3 - D23^2*EXP(-0.5*D23) - 3*D23 + 1 -> -1.1583535e-06 | G23: =ABS(C23-B23)/2 -> 2.3841858e-07 | H23: =IF(OR(ABS(F23)<=CONFIG!$B$5,G23<=CONFIG!$B$5),"✓","→") -> ✓

Sheet RESULTADOS
A1: RESULTADOS PROBLEMA 3
A2: MÉTODO DE BISCECCIÓN
A4: RAÍZ 1: | B4: ='RAÍZ 1'!D22 -> -1.2340937 | C4: ='RAÍZ 1'!F22 -> -2.9526938e-06
A5: Iteraciones: | B5: =COUNTIF('RAÍZ 1'!H3:H22,"→")+1 -> 20
A7: RAÍZ 2: | B7: ='RAÍZ 2'!D22 -> 0.31546688 | C7: ='RAÍZ 2'!F22 -> -2.8141302e-06
A8: Iteraciones: | B8: =COUNTIF('RAÍZ 2'!H3:H22,"→")+1 -> 19
A10: RAÍZ 3: | B10: ='RAÍZ 3'!D22 -> 1.7802405 | C10: ='RAÍZ 3'!F22 -> 1.9979079e-07
A11: Iteraciones: | B11: =COUNTIF('RAÍZ 3'!H3:H22,"→")+1 -> 19

Sheet NEWTON=-1.0
A1: MÉTODO DE NEWTON RAPHSON
A2: ITER | B2: x_n | C2: f(x_n) | D2: f'(x_n) | E2: x_n+1 | F2: Error | G2: ¿Parar?
A3: 1 | B3: -1 | C3: =B3^3 - B3^2*EXP(-0.5*B3) - 3*B3 + 1 -> 1.3512787 | D3: =3*B3^2 - (2*B3*EXP(-0.5*B3) - 0.5*B3^2*EXP(-0.5*B3)) - 3 -> 4.1218032 | E3: =B3 - C3/D3 -> -1.3278368 | F3: =ABS(E3-B3) -> 0.32783679 | G3: =IF(OR(ABS(C3)<=CONFIG!$B$5,F3<=CONFIG!$B$5),"✓","→") -> →
A4: =A3+1 -> 2 | B4: =E3 -> -1.3278368 | C4: =B4^3 - B4^2*EXP(-0.5*B4) - 3*B4 + 1 -> -0.78238911 | D4: =3*B4^2 - (2*B4*EXP(-0.5*B4) - 0.5*B4^2*EXP(-0.5*B4)) - 3 -> 9.1601631 | E4: =B4 - C4/D4 -> -1.2424247 | F4: =ABS(E4-B4) -> 0.085412138 | G4: =IF(OR(ABS(C4)<=CONFIG!$B$5,F4<=CONFIG!$B$5),"✓","→") -> →
A5: =A4+1 -> 3 | B5: =E4 -> -1.2424247 | C5: =B5^3 - B5^2*EXP(-0.5*B5) - 3*B5 + 1 -> -0.063513903 | D5: =3*B5^2 - (2*B5*EXP(-0.5*B5) - 0.5*B5^2*EXP(-0.5*B5)) - 3 -> 7.6920952 | E5: =B5 - C5/D5 -> -1.2341676 | F5: =ABS(E5-B5) -> 0.0082570354 | G5: =IF(OR(ABS(C5)<=CONFIG!$B$5,F5<=CONFIG!$B$5),"✓","→") -> →
A6: =A5+1 -> 4 | B6: =E5 -> -1.2341676 | C6: =B6^3 - B6^2*EXP(-0.5*B6) - 3*B6 + 1 -> -0.00056170814 | D6: =3*B6^2 - (2*B6*EXP(-0.5*B6) - 0.5*B6^2*EXP(-0.5*B6)) - 3 -> 7.5562143 | E6: =B6 - C6/D6 -> -1.2340933 | F6: =ABS(E6-B6) -> 7.4337243e-05 | G6: =IF(OR(ABS(C6)<=CONFIG!$B$5,F6<=CONFIG!$B$5),"✓","→") -> →
A7: =A6+1 -> 5 | B7: =E6 -> -1.2340933 | C7: =B7^3 - B7^2*EXP(-0.5*B7) - 3*B7 + 1 -> -4.5292843e-08 | D7: =3*B7^2 - (2*B7*EXP(-0.5*B7) - 0.5*B7^2*EXP(-0.5*B7)) - 3 -> 7.5549957 | E7: =B7 - C7/D7 -> -1.2340933 | F7: =ABS(E7-B7) -> 5.9950851e-09 | G7: =IF(OR(ABS(C7)<=CONFIG!$B$5,F7<=CONFIG!$B$5),"✓","→") -> ✓
A8: =A7+1 -> 6 | B8: =E7 -> -1.2340933 | C8: =B8^3 - B8^2*EXP(-0.5*B8) - 3*B8 + 1 -> 0 | D8: =3*B8^2 - (2*B8*EXP(-0.5*B8) - 0.5*B8^2*EXP(-0.5*B8)) - 3 -> 7.5549956 | E8: =B8 - C8/D8 -> -1.2340933 | F8: =ABS(E8-B8) -> 0 | G8: =IF(OR(ABS(C8)<=CONFIG!$B$5,F8<=CONFIG!$B$5),"✓","→") -> ✓
A9: =A8+1 -> 7 | B9: =E8 -> -1.2340933 | C9: =B9^3 - B9^2*EXP(-0.5*B9) - 3*B9 + 1 -> 0 | D9: =3*B9^2 - (2*B9*EXP(-0.5*B9) - 0.5*B9^2*EXP(-0.5*B9)) - 3 -> 7.5549956 | E9: =B9 - C9/D9 -> -1.2340933 | F9: =ABS(E9-B9) -> 0 | G9: =IF(OR(ABS(C9)<=CONFIG!$B$5,F9<=CONFIG!$B$5),"✓","→") -> ✓

Sheet NEWTON=0.5
A1: MÉTODO DE NEWTON RAPHSON
A2: ITER | B2: x_n | C2: f(x_n) | D2: f'(x_n) | E2: x_n+1 | F2: Error | G2: ¿Parar?
A3: 1 | B3: 0.5 | C3: =B3^3 - B3^2*EXP(-0.5*B3) - 3*B3 + 1 -> -0.5697002 | D3: =3*B3^2 - (2*B3*EXP(-0.5*B3) - 0.5*B3^2*EXP(-0.5*B3)) - 3 -> -2.9314507 | E3: =B3 - C3/D3 -> 0.30565929 | F3: =ABS(E3-B3) -> 0.19434071 | G3: =IF(OR(ABS(C3)<=CONFIG!$B$5,F3<=CONFIG!$B$5),"✓","→") -> →
A4: =A3+1 -> 2 | B4: =E3 -> 0.30565929 | C4: =B4^3 - B4^2*EXP(-0.5*B4) - 3*B4 + 1 -> 0.031392471 | D4: =3*B4^2 - (2*B4*EXP(-0.5*B4) - 0.5*B4^2*EXP(-0.5*B4)) - 3 -> -3.2043039 | E4: =B4 - C4/D4 -> 0.31545626 | F4: =ABS(E4-B4) -> 0.0097969706 | G4: =IF(OR(ABS(C4)<=CONFIG!$B$5,F4<=CONFIG!$B$5),"✓","→") -> →
A5: =A4+1 -> 3 | B5: =E4 -> 0.31545626 | C5: =B5^3 - B5^2*EXP(-0.5*B5) - 3*B5 + 1 -> 3.1134624e-05 | D5: =3*B5^2 - (2*B5*EXP(-0.5*B5) - 0.5*B5^2*EXP(-0.5*B5)) - 3 -> -3.1978171 | E5: =B5 - C5/D5 -> 0.315466 | F5: =ABS(E5-B5) -> 9.7362117e-06 | G5: =IF(OR(ABS(C5)<=CONFIG!$B$5,F5<=CONFIG!$B$5),"✓","→") -> →
A6: =A5+1 -> 4 | B6: =E5 -> 0.315466 | C6: =B6^3 - B6^2*EXP(-0.5*B6) - 3*B6 + 1 -> 3.3282266e-11 | D6: =3*B6^2 - (2*B6*EXP(-0.5*B6) - 0.5*B6^2*EXP(-0.5*B6)) - 3 -> -3.1978102 | E6: =B6 - C6/D6 -> 0.315466 | F6: =ABS(E6-B6) -> 1.0407841e-11 | G6: =IF(OR(ABS(C6)<=CONFIG!$B$5,F6<=CONFIG!$B$5),"✓","→") -> ✓
A7: =A6+1 -> 5 | B7: =E6 -> 0.315466 | C7: =B7^3 - B7^2*EXP(-0.5*B7) - 3*B7 + 1 -> 0 | D7: =3*B7^2 - (2*B7*EXP(-0.5*B7) - 0.5*B7^2*EXP(-0.5*B7)) - 3 -> -3.1978102 | E7: =B7 - C7/D7 -> 0.315466 | F7: =ABS(E7-B7) -> 0 | G7: =IF(OR(ABS(C7)<=CONFIG!$B$5,F7<=CONFIG!$B$5),"✓","→") -> ✓

Sheet NEWTON=1.8
A1: MÉTODO DE NEWTON RAPHSON
A2: ITER | B2: x_n | C2: f(x_n) | D2: f'(x_n) | E2: x_n+1 | F2: Error | G2: ¿Parar?
A3: 1 | B3: 1.8 | C3: =B3^3 - B3^2*EXP(-0.5*B3) - 3*B3 + 1 -> 0.1147143 | D3: =3*B3^2 - (2*B3*EXP(-0.5*B3) - 0.5*B3^2*EXP(-0.5*B3)) - 3 -> 5.9149921 | E3: =B3 - C3/D3 -> 1.7806062 | F3: =ABS(E3-B3) -> 0.019393822 | G3: =IF(OR(ABS(C3)<=CONFIG!$B$5,F3<=CONFIG!$B$5),"✓","→") -> →
A4: =A3+1 -> 2 | B4: =E3 -> 1.7806062 | C4: =B4^3 - B4^2*EXP(-0.5*B4) - 3*B4 + 1 -> 0.0020838066 | D4: =3*B4^2 - (2*B4*EXP(-0.5*B4) - 0.5*B4^2*EXP(-0.5*B4)) - 3 -> 5.7004927 | E4: =B4 - C4/D4 -> 1.7802406 | F4: =ABS(E4-B4) -> 0.0003655485 | G4: =IF(OR(ABS(C4)<=CONFIG!$B$5,F4<=CONFIG!$B$5),"✓","→") -> →
A5: =A4+1 -> 3 | B5: =E4 -> 1.7802406 | C5: =B5^3 - B5^2*EXP(-0.5*B5) - 3*B5 + 1 -> 7.3483401e-07 | D5: =3*B5^2 - (2*B5*EXP(-0.5*B5) - 0.5*B5^2*EXP(-0.5*B5)) - 3 -> 5.6964724 | E5: =B5 - C5/D5 -> 1.7802405 | F5: =ABS(E5-B5) -> 1.2899808e-07 | G5: =IF(OR(ABS(C5)<=CONFIG!$B$5,F5<=CONFIG!$B$5),"✓","→") -> ✓
A6: =A5+1 -> 4 | B6: =E5 -> 1.7802405 | C6: =B6^3 - B6^2*EXP(-0.5*B6) - 3*B6 + 1 -> 9.0594199e-14 | D6: =3*B6^2 - (2*B6*EXP(-0.5*B6) - 0.5*B6^2*EXP(-0.5*B6)) - 3 -> 5.6964709 | E6: =B6 - C6/D6 -> 1.7802405 | F6: =ABS(E6-B6) -> 1.5987212e-14 | G6: =IF(OR(ABS(C6)<=CONFIG!$B$5,F6<=CONFIG!$B$5),"✓","→") -> ✓
A7: =A6+1 -> 5 | B7: =E6 -> 1.7802405 | C7: =B7^3 - B7^2*EXP(-0.5*B7) - 3*B7 + 1 -> 0 | D7: =3*B7^2 - (2*B7*EXP(-0.5*B7) - 0.5*B7^2*EXP(-0.5*B7)) - 3 -> 5.6964709 | E7: =B7 - C7/D7 -> 1.7802405 | F7: =ABS(E7-B7) -> 0 | G7: =IF(OR(ABS(C7)<=CONFIG!$B$5,F7<=CONFIG!$B$5),"✓","→") -> ✓

Sheet RESULTADOS (2)
A1: RESULTADOS PROBLEMA 3
A2: MÉTODO DE NEWTON RAPHSON
A4: RAÍZ 1: | B4: ='NEWTON=-1.0'!E6 -> -1.2340933 | C4: ='NEWTON=-1.0'!F6 -> 7.4337243e-05
A5: Iteraciones: | B5: =COUNTIF('NEWTON=-1.0'!G2:G21,"→")+1 -> 5
A7: RAÍZ 2: | B7: ='NEWTON=0.5'!E6 -> 0.315466 | C7: ='NEWTON=0.5'!F6 -> 1.0407841e-11
A8: Iteraciones: | B8: =COUNTIF('NEWTON=0.5'!G3:G21,"→")+1 -> 4
A10: RAÍZ 3: | B10: ='NEWTON=1.8'!E6 -> 1.7802405 | C10: ='NEWTON=1.8'!F6 -> 1.5987212e-14
A11: Iteraciones: | B11: =COUNTIF('NEWTON=1.8'!G3:G21,"→")+1 -> 3

Sheet SEC=-1.5,-0.5
A1: MÉTODO DE LA SECANTE
A2: ITER | B2: x_n-1 | C2: x_n | D2: f(x_n-1) | E2: f(x_n) | F2: x_n+1 | G2: Error | H2: ¿Parar?
A3: 1 | B3: -1.5 | C3: -0.5 | D3: =B3^3 - B3^2*EXP(-0.5*B3) - 3*B3 + 1 -> -2.63825 | E3: =C3^3 - C3^2*EXP(-0.5*C3) - 3*C3 + 1 -> 2.0539936 | F3: =C3 - E3*(C3-B3)/(E3-D3) -> -0.93774232 | G3: =ABS(F3-C3) -> 0.43774232 | H3: =IF(OR(ABS(E3)<CONFIG!$B$5,G3<CONFIG!$B$5),"✓","→") -> →
A4: =A3+1 -> 2 | B4: =C3 -> -0.5 | C4: =F3 -> -0.93774232 | D4: =E3 -> 2.0539936 | E4: =C4^3 - C4^2*EXP(-0.5*C4) - 3*C4 + 1 -> 1.5832287 | F4: =C4 - E4*(C4-B4)/(E4-D4) -> -2.4099125 | G4: =ABS(F4-C4) -> 1.4721702 | H4: =IF(OR(ABS(E4)<CONFIG!$B$5,G4<CONFIG!$B$5),"✓","→") -> →
A5: =A4+1 -> 3 | B5: =C4 -> -0.93774232 | C5: =F4 -> -2.4099125 | D5: =E4 -> 1.5832287 | E5: =C5^3 - C5^2*EXP(-0.5*C5) - 3*C5 + 1 -> -25.144234 | F5: =C5 - E5*(C5-B5)/(E5-D5) -> -1.0249478 | G5: =ABS(F5-C5) -> 1.3849647 | H5: =IF(OR(ABS(E5)<CONFIG!$B$5,G5<CONFIG!$B$5),"✓","→") -> →
A6: =A5+1 -> 4 | B6: =C5 -> -2.4099125 | C6: =F5 -> -1.0249478 | D6: =E5 -> -25.144234 | E6: =C6^3 - C6^2*EXP(-0.5*C6) - 3*C6 + 1 -> 1.2443655 | F6: =C6 - E6*(C6-B6)/(E6-D6) -> -1.0902564 | G6: =ABS(F6-C6) -> 0.065308593 | H6: =IF(OR(ABS(E6)<CONFIG!$B$5,G6<CONFIG!$B$5),"✓","→") -> →
A7: =A6+1 -> 5 | B7: =C6 -> -1.0249478 | C7: =F6 -> -1.0902564 | D7: =E6 -> 1.2443655 | E7: =C7^3 - C7^2*EXP(-0.5*C7) - 3*C7 + 1 -> 0.92459184 | F7: =C7 - E7*(C7-B7)/(E7-D7) -> -1.2790893 | G7: =ABS(F7-C7) -> 0.18883289 | H7: =IF(OR(ABS(E7)<CONFIG!$B$5,G7<CONFIG!$B$5),"✓","→") -> →
A8: =A7+1 -> 6 | B8: =C7 -> -1.0902564 | C8: =F7 -> -1.2790893 | D8: =E7 -> 0.92459184 | E8: =C8^3 - C8^2*EXP(-0.5*C8) - 3*C8 + 1 -> -0.35677298 | F8: =C8 - E8*(C8-B8)/(E8-D8) -> -1.2265122 | G8: =ABS(F8-C8) -> 0.052577119 | H8: =IF(OR(ABS(E8)<CONFIG!$B$5,G8<CONFIG!$B$5),"✓","→") -> →
A9: =A8+1 -> 7 | B9: =C8 -> -1.2790893 | C9: =F8 -> -1.2265122 | D9: =E8 -> -0.35677298 | E9: =C9^3 - C9^2*EXP(-0.5*C9) - 3*C9 + 1 -> 0.05680513 | F9: =C9 - E9*(C9-B9)/(E9-D9) -> -1.2337337 | G9: =ABS(F9-C9) -> 0.0072214898 | H9: =IF(OR(ABS(E9)<CONFIG!$B$5,G9<CONFIG!$B$5),"✓","→") -> →
A10: =A9+1 -> 8 | B10: =C9 -> -1.2265122 | C10: =F9 -> -1.2337337 | D10: =E9 -> 0.05680513 | E10: =C10^3 - C10^2*EXP(-0.5*C10) - 3*C10 + 1 -> 0.0027156742 | F10: =C10 - E10*(C10-B10)/(E10-D10) -> -1.2340963 | G10: =ABS(F10-C10) -> 0.00036256999 | H10: =IF(OR(ABS(E10)<CONFIG!$B$5,G10<CONFIG!$B$5),"✓","→") -> →
A11: =A10+1 -> 9 | B11: =C10 -> -1.2337337 | C11: =F10 -> -1.2340963 | D11: =E10 -> 0.0027156742 | E11: =C11^3 - C11^2*EXP(-0.5*C11) - 3*C11 + 1 -> -2.2480927e-05 | F11: =C11 - E11*(C11-B11)/(E11-D11) -> -1.2340933 | G11: =ABS(F11-C11) -> 2.9767888e-06 | H11: =IF(OR(ABS(E11)<CONFIG!$B$5,G11<CONFIG!$B$5),"✓","→") -> →
A12: =A11+1 -> 10 | B12: =C11 -> -1.2340963 | C12: =F11 -> -1.2340933 | D12: =E11 -> -2.2480927e-05 | E12: =C12^3 - C12^2*EXP(-0.5*C12) - 3*C12 + 1 -> 8.772183e-09 | F12: =C12 - E12*(C12-B12)/(E12-D12) -> -1.2340933 | G12: =ABS(F12-C12) -> 1.1611065e-09 | H12: =IF(OR(ABS(E12)<CONFIG!$B$5,G12<CONFIG!$B$5),"✓","→") -> ✓

Sheet SEC=1,0
A1: MÉTODO DE LA SECANTE
A2: ITER | B2: x_n-1 | C2: x_n | D2: f(x_n-1) | E2: f(x_n) | F2: x_n+1 | G2: Error | H2: ¿Parar?
A3: 1 | B3: 0 | C3: 1 | D3: =B3^3 - B3^2*EXP(-0.5*B3) - 3*B3 + 1 -> 1 | E3: =C3^3 - C3^2*EXP(-0.5*C3) - 3*C3 + 1 -> -1.6065307 | F3: =C3 - E3*(C3-B3)/(E3-D3) -> 0.38365173 | G3: =ABS(F3-C3) -> 0.61634827 | H3: =IF(OR(ABS(E3)<CONFIG!$B$5,G3<CONFIG!$B$5),"✓","→") -> →
A4: =A3+1 -> 2 | B4: =C3 -> 1 | C4: =F3 -> 0.38365173 | D4: =E3 -> -1.6065307 | E4: =C4^3 - C4^2*EXP(-0.5*C4) - 3*C4 + 1 -> -0.21598297 | F4: =C4 - E4*(C4-B4)/(E4-D4) -> 0.28791914 | G4: =ABS(F4-C4) -> 0.09573259 | H4: =IF(OR(ABS(E4)<CONFIG!$B$5,G4<CONFIG!$B$5),"✓","→") -> →
A5: =A4+1 -> 3 | B5: =C4 -> 0.38365173 | C5: =F4 -> 0.28791914 | D5: =E4 -> -0.21598297 | E5: =C5^3 - C5^2*EXP(-0.5*C5) - 3*C5 + 1 -> 0.08832756 | F5: =C5 - E5*(C5-B5)/(E5-D5) -> 0.31570597 | G5: =ABS(F5-C5) -> 0.027786833 | H5: =IF(OR(ABS(E5)<CONFIG!$B$5,G5<CONFIG!$B$5),"✓","→") -> →
A6: =A5+1 -> 4 | B6: =C5 -> 0.28791914 | C6: =F5 -> 0.31570597 | D6: =E5 -> 0.08832756 | E6: =C6^3 - C6^2*EXP(-0.5*C6) - 3*C6 + 1 -> -0.00076737152 | F6: =C6 - E6*(C6-B6)/(E6-D6) -> 0.31546665 | G6: =ABS(F6-C6) -> 0.00023932702 | H6: =IF(OR(ABS(E6)<CONFIG!$B$5,G6<CONFIG!$B$5),"✓","→") -> →
A7: =A6+1 -> 5 | B7: =C6 -> 0.31570597 | C7: =F6 -> 0.31546665 | D7: =E6 -> -0.00076737152 | E7: =C7^3 - C7^2*EXP(-0.5*C7) - 3*C7 + 1 -> -2.0693652e-06 | F7: =C7 - E7*(C7-B7)/(E7-D7) -> 0.315466 | G7: =ABS(F7-C7) -> 6.4713658e-07 | H7: =IF(OR(ABS(E7)<CONFIG!$B$5,G7<CONFIG!$B$5),"✓","→") -> ✓

Sheet SEC=1.5,2.0
A1: MÉTODO DE LA SECANTE
A2: ITER | B2: x_n-1 | C2: x_n | D2: f(x_n-1) | E2: f(x_n) | F2: x_n+1 | G2: Error | H2: ¿Parar?
A3: 1 | B3: 1.5 | C3: 2 | D3: =B3^3 - B3^2*EXP(-0.5*B3) - 3*B3 + 1 -> -1.1878247 | E3: =C3^3 - C3^2*EXP(-0.5*C3) - 3*C3 + 1 -> 1.5284822 | F3: =C3 - E3*(C3-B3)/(E3-D3) -> 1.718647 | G3: =ABS(F3-C3) -> 0.281353 | H3: =IF(OR(ABS(E3)<CONFIG!$B$5,G3<CONFIG!$B$5),"✓","→") -> →
A4: =A3+1 -> 2 | B4: =C3 -> 2 | C4: =F3 -> 1.718647 | D4: =E3 -> 1.5284822 | E4: =C4^3 - C4^2*EXP(-0.5*C4) - 3*C4 + 1 -> -0.3302515 | F4: =C4 - E4*(C4-B4)/(E4-D4) -> 1.7686365 | G4: =ABS(F4-C4) -> 0.049989543 | H4: =IF(OR(ABS(E4)<CONFIG!$B$5,G4<CONFIG!$B$5),"✓","→") -> →
A5: =A4+1 -> 3 | B5: =C4 -> 1.718647 | C5: =F4 -> 1.7686365 | D5: =E4 -> -0.3302515 | E5: =C5^3 - C5^2*EXP(-0.5*C5) - 3*C5 + 1 -> -0.065362872 | F5: =C5 - E5*(C5-B5)/(E5-D5) -> 1.7809718 | G5: =ABS(F5-C5) -> 0.012335222 | H5: =IF(OR(ABS(E5)<CONFIG!$B$5,G5<CONFIG!$B$5),"✓","→") -> →
A6: =A5+1 -> 4 | B6: =C5 -> 1.7686365 | C6: =F5 -> 1.7809718 | D6: =E5 -> -0.065362872 | E6: =C6^3 - C6^2*EXP(-0.5*C6) - 3*C6 + 1 -> 0.0041685709 | F6: =C6 - E6*(C6-B6)/(E6-D6) -> 1.7802322 | G6: =ABS(F6-C6) -> 0.00073952512 | H6: =IF(OR(ABS(E6)<CONFIG!$B$5,G6<CONFIG!$B$5),"✓","→") -> →
A7: =A6+1 -> 5 | B7: =C6 -> 1.7809718 | C7: =F6 -> 1.7802322 | D7: =E6 -> 0.0041685709 | E7: =C7^3 - C7^2*EXP(-0.5*C7) - 3*C7 + 1 -> -4.7052758e-05 | F7: =C7 - E7*(C7-B7)/(E7-D7) -> 1.7802405 | G7: =ABS(F7-C7) -> 8.2542227e-06 | H7: =IF(OR(ABS(E7)<CONFIG!$B$5,G7<CONFIG!$B$5),"✓","→") -> →
A8: =A7+1 -> 6 | B8: =C7 -> 1.7802322 | C8: =F7 -> 1.7802405 | D8: =E7 -> -4.7052758e-05 | E8: =C8^3 - C8^2*EXP(-0.5*C8) - 3*C8 + 1 -> -3.3193496e-08 | F8: =C8 - E8*(C8-B8)/(E8-D8) -> 1.7802405 | G8: =ABS(F8-C8) -> 5.8270746e-09 | H8: =IF(OR(ABS(E8)<CONFIG!$B$5,G8<CONFIG!$B$5),"✓","→") -> ✓

Sheet RESULTADOS (3)
A1: RESULTADOS PROBLEMA 1
A2: MÉTODO DE LA SECANTE
A4: RAÍZ 1: | B4: ='SEC=-1.5,-0.5'!C12 -> -1.2340933 | C4: ='SEC=-1.5,-0.5'!G12 -> 1.1611065e-09
A5: Iteraciones: | B5: =COUNTIF('SEC=-1.5,-0.5'!H3:H20,"→")+1 -> 10
A7: RAÍZ 2: | B7: ='SEC=1,0'!C6 -> 0.31570597 | C7: ='SEC=1,0'!G6 -> 0.00023932702
A8: Iteraciones: | B8: =COUNTIF('SEC=1,0'!H3:H13,"→")+1 -> 5
A10: RAÍZ 2: | B10: ='SEC=1.5,2.0'!C8 -> 1.7802405 | C10: ='SEC=1.5,2.0'!G8 -> 5.8270746e-09
A11: Iteraciones: | B11: =COUNTIF('SEC=1.5,2.0'!H3:H18,"→")+1 -> 6
