Workbook

Sheet CONFIG
A1: MÉTODO DE BISCECCIÓN - PROBLEMA 1
A2: Ecuación: x³ - e^(0.8x) = 20
A4: PARÁMETROS:
A5: Tolerancia (TOL): | B5: 1e-06
A6: Máx iteraciones: | B6: 20
A8: RAÍZ 1: | B8: Intervalo [3.0, 4.0]
A9: RAÍZ 2: | B9: Intervalo [7.0, 8.0]
A11: RESULTADOS FINALES
B12: Raíz | C12: Error
A13: METODO DE LA BISCECCIÓN
A14: RAÍZ 1: | B14: ='RAÍZ 1'!D22 -> 3.2082205 | C14: ='RAÍZ 1'!F22 -> 1.3910586e-05
A15: Iteraciones: | B15: =COUNTIF('RAÍZ 1'!H2:H32,"→")+1 -> 20
A17: RAÍZ 2: | B17: ='RAÍZ 2'!D22 -> 7.4898386 | C17: ='RAÍZ 2'!F22 -> 1.9710259e-05
A18: Iteraciones: | B18: =COUNTIF('RAÍZ 2'!H2:H32,"→")+1 -> 20
A20: MÉTODO NEWTON RAPHSON
A21: NEWTON x₀=3.5 | B21: ='Newton=3.5'!E6 -> 3.2082198 | C21: ='Newton=3.5'!F6 -> 2.5447195e-09
A22: Iteraciones: | B22: =COUNTIF('Newton=3.5'!G2:G24,"→")+1 -> 4
A24: NEWTON x₀=7.5 | B24: ='Newton=7.5'!E5 -> 7.4898387 | C24: ='Newton=7.5'!F5 -> 3.5294416e-09
A25: Iteraciones: | B25: =COUNTIF('Newton=7.5'!G2:G22,"→")+1 -> 3
A27: MÉTODO DE LA SECANTE
A28: RAÍZ 1: | B28: ='SEC=3.0,4.0'!C7 -> 3.2082197 | C28: ='SEC=3.0,4.0'!G7 -> 1.0461965e-07
A29: Iteraciones: | B29: =COUNTIF('SEC=3.0,4.0'!H2:H32,"→")+1 -> 5
A31: RAÍZ 2: | B31: ='SEC=7.0,8.0'!C9 -> 7.4898387 | C31: ='SEC=7.0,8.0'!G9 -> 1.7199842e-10
A32: Iteraciones: | B32: =COUNTIF('SEC=7.0,8.0'!H2:H39,"→")+1 -> 7

Sheet RAÍZ 1
A1: MÉTODO BISCECCIÓN
A2: ITER | B2: a | C2: b | D2: c | E2: f(a) | F2: f(c) | G2: Error | H2: ¿Parar?
A3: 1 | B3: 3 | C3: 4 | D3: =(B3+C3)/2 -> 3.5 | E3: =B3^3 - EXP(0.8*B3) - 20 -> -4.0231764 | F3: =D3^3 - EXP(0.8*D3) - 20 -> 6.4303532 | G3: =ABS(C3-B3)/2 -> 0.5 | H3: =IF(OR(ABS(F3)<CONFIG!$B$5,G3<CONFIG!$B$5),"✓","→") -> →
A4: =A3+1 -> 2 | B4: =IF(E3*F3<0,B3,D3) -> 3 | C4: =IF(E3*F3<0,D3,C3) -> 3.5 | D4: =(B4+C4)/2 -> 3.25 | E4: =B4^3 - EXP(0.8*B4) - 20 -> -4.0231764 | F4: =D4^3 - EXP(0.8*D4) - 20 -> 0.86438696 | G4: =ABS(C4-B4)/2 -> 0.25 | H4: =IF(OR(ABS(F4)<CONFIG!$B$5,G4<CONFIG!$B$5),"✓","→") -> →
A5: =A4+1 -> 3 | B5: =IF(E4*F4<0,B4,D4) -> 3 | C5: =IF(E4*F4<0,D4,C4) -> 3.25 | D5: =(B5+C5)/2 -> 3.125 | E5: =B5^3 - EXP(0.8*B5) - 20 -> -4.0231764 | F5: =D5^3 - EXP(0.8*D5) - 20 -> -1.6649158 | G5: =ABS(C5-B5)/2 -> 0.125 | H5: =IF(OR(ABS(F5)<CONFIG!$B$5,G5<CONFIG!$B$5),"✓","→") -> →
A6: =A5+1 -> 4 | B6: =IF(E5*F5<0,B5,D5) -> 3.125 | C6: =IF(E5*F5<0,D5,C5) -> 3.25 | D6: =(B6+C6)/2 -> 3.1875 | E6: =B6^3 - EXP(0.8*B6) - 20 -> -1.6649158 | F6: =D6^3 - EXP(0.8*D6) - 20 -> -0.42160574 | G6: =ABS(C6-B6)/2 -> 0.0625 | H6: =IF(OR(ABS(F6)<CONFIG!$B$5,G6<CONFIG!$B$5),"✓","→") -> →
A7: =A6+1 -> 5 | B7: =IF(E6*F6<0,B6,D6) -> 3.1875 | C7: =IF(E6*F6<0,D6,C6) -> 3.25 | D7: =(B7+C7)/2 -> 3.21875 | E7: =B7^3 - EXP(0.8*B7) - 20 -> -0.42160574 | F7: =D7^3 - EXP(0.8*D7) - 20 -> 0.21606443 | G7: =ABS(C7-B7)/2 -> 0.03125 | H7: =IF(OR(ABS(F7)<CONFIG!$B$5,G7<CONFIG!$B$5),"✓","→") -> →
A8: =A7+1 -> 6 | B8: =IF(E7*F7<0,B7,D7) -> 3.1875 | C8: =IF(E7*F7<0,D7,C7) -> 3.21875 | D8: =(B8+C8)/2 -> 3.203125 | E8: =B8^3 - EXP(0.8*B8) - 20 -> -0.42160574 | F8: =D8^3 - EXP(0.8*D8) - 20 -> -0.10410354 | G8: =ABS(C8-B8)/2 -> 0.015625 | H8: =IF(OR(ABS(F8)<CONFIG!$B$5,G8<CONFIG!$B$5),"✓","→") -> →
A9: =A8+1 -> 7 | B9: =IF(E8*F8<0,B8,D8) -> 3.203125 | C9: =IF(E8*F8<0,D8,C8) -> 3.21875 | D9: =(B9+C9)/2 -> 3.2109375 | E9: =B9^3 - EXP(0.8*B9) - 20 -> -0.10410354 | F9: =D9^3 - EXP(0.8*D9) - 20 -> 0.055647382 | G9: =ABS(C9-B9)/2 -> 0.0078125 | H9: =IF(OR(ABS(F9)<CONFIG!$B$5,G9<CONFIG!$B$5),"✓","→") -> →
A10: =A9+1 -> 8 | B10: =IF(E9*F9<0,B9,D9) -> 3.203125 | C10: =IF(E9*F9<0,D9,C9) -> 3.2109375 | D10: =(B10+C10)/2 -> 3.2070312 | E10: =B10^3 - EXP(0.8*B10) - 20 -> -0.10410354 | F10: =D10^3 - EXP(0.8*D10) - 20 -> -0.024311364 | G10: =ABS(C10-B10)/2 -> 0.00390625 | H10: =IF(OR(ABS(F10)<CONFIG!$B$5,G10<CONFIG!$B$5),"✓","→") -> →
A11: =A10+1 -> 9 | B11: =IF(E10*F10<0,B10,D10) -> 3.2070312 | C11: =IF(E10*F10<0,D10,C10) -> 3.2109375 | D11: =(B11+C11)/2 -> 3.2089844 | E11: =B11^3 - EXP(0.8*B11) - 20 -> -0.024311364 | F11: =D11^3 - EXP(0.8*D11) - 20 -> 0.01564719 | G11: =ABS(C11-B11)/2 -> 0.001953125 | H11: =IF(OR(ABS(F11)<CONFIG!$B$5,G11<CONFIG!$B$5),"✓","→") -> →
A12: =A11+1 -> 10 | B12: =IF(E11*F11<0,B11,D11) -> 3.2070312 | C12: =IF(E11*F11<0,D11,C11) -> 3.2089844 | D12: =(B12+C12)/2 -> 3.2080078 | E12: =B12^3 - EXP(0.8*B12) - 20 -> -0.024311364 | F12: =D12^3 - EXP(0.8*D12) - 20 -> -0.0043372921 | G12: =ABS(C12-B12)/2 -> 0.0009765625 | H12: =IF(OR(ABS(F12)<CONFIG!$B$5,G12<CONFIG!$B$5),"✓","→") -> →
A13: =A12+1 -> 11 | B13: =IF(E12*F12<0,B12,D12) -> 3.2080078 | C13: =IF(E12*F12<0,D12,C12) -> 3.2089844 | D13: =(B13+C13)/2 -> 3.2084961 | E13: =B13^3 - EXP(0.8*B13) - 20 -> -0.0043372921 | F13: =D13^3 - EXP(0.8*D13) - 20 -> 0.0056536477 | G13: =ABS(C13-B13)/2 -> 0.00048828125 | H13: =IF(OR(ABS(F13)<CONFIG!$B$5,G13<CONFIG!$B$5),"✓","→") -> →
A14: =A13+1 -> 12 | B14: =IF(E13*F13<0,B13,D13) -> 3.2080078 | C14: =IF(E13*F13<0,D13,C13) -> 3.2084961 | D14: =(B14+C14)/2 -> 3.208252 | E14: =B14^3 - EXP(0.8*B14) - 20 -> -0.0043372921 | F14: =D14^3 - EXP(0.8*D14) - 20 -> 0.00065785247 | G14: =ABS(C14-B14)/2 -> 0.00024414062 | H14: =IF(OR(ABS(F14)<CONFIG!$B$5,G14<CONFIG!$B$5),"✓","→") -> →
A15: =A14+1 -> 13 | B15: =IF(E14*F14<0,B14,D14) -> 3.2080078 | C15: =IF(E14*F14<0,D14,C14) -> 3.208252 | D15: =(B15+C15)/2 -> 3.2081299 | E15: =B15^3 - EXP(0.8*B15) - 20 -> -0.0043372921 | F15: =D15^3 - EXP(0.8*D15) - 20 -> -0.0018398011 | G15: =ABS(C15-B15)/2 -> 0.00012207031 | H15: =IF(OR(ABS(F15)<CONFIG!$B$5,G15<CONFIG!$B$5),"✓","→") -> →
... A23: =A22+1 -> 21 | B23: =IF(E22*F22<0,B22,D22) -> 3.2082195 | C23: =IF(E22*F22<0,D22,C22) -> 3.2082205 | D23: =(B23+C23)/2 -> 3.20822 | E23: =B23^3 - EXP(0.8*B23) - 20 -> -5.6026354e-06 | F23: =D23^3 - EXP(0.8*D23) - 20 -> 4.1539742e-06 | G23: =ABS(C23-B23)/2 -> 4.7683716e-07 | H23: =IF(OR(ABS(F23)<CONFIG!$B$5,G23<CONFIG!$B$5),"✓","→") -> ✓

Sheet RAÍZ 2
A1: MÉTODO BISECCIÓN
A2: ITER | B2: a | C2: b | D2: c | E2: f(a) | F2: f(c) | G2: Error | H2: ¿Parar?
A3: 1 | B3: 7 | C3: 8 | D3: =(B3+C3)/2 -> 7.5 | E3: =B3^3 - EXP(0.8*B3) - 20 -> 52.573593 | F3: =D3^3 - EXP(0.8*D3) - 20 -> -1.5537935 | G3: =ABS(C3-B3)/2 -> 0.5 | H3: =IF(OR(ABS(F3)<=CONFIG!$B$5,G3<=CONFIG!$B$5),"✓","→") -> →
A4: =A3+1 -> 2 | B4: =IF(E3*F3<0,B3,D3) -> 7 | C4: =IF(E3*F3<0,D3,C3) -> 7.5 | D4: =(B4+C4)/2 -> 7.25 | E4: =B4^3 - EXP(0.8*B4) - 20 -> 52.573593 | F4: =D4^3 - EXP(0.8*D4) - 20 -> 30.778565 | G4: =ABS(C4-B4)/2 -> 0.25 | H4: =IF(OR(ABS(F4)<=CONFIG!$B$5,G4<=CONFIG!$B$5),"✓","→") -> →
A5: =A4+1 -> 3 | B5: =IF(E4*F4<0,B4,D4) -> 7.25 | C5: =IF(E4*F4<0,D4,C4) -> 7.5 | D5: =(B5+C5)/2 -> 7.375 | E5: =B5^3 - EXP(0.8*B5) - 20 -> 30.778565 | F5: =D5^3 - EXP(0.8*D5) - 20 -> 16.093392 | G5: =ABS(C5-B5)/2 -> 0.125 | H5: =IF(OR(ABS(F5)<=CONFIG!$B$5,G5<=CONFIG!$B$5),"✓","→") -> →
A6: =A5+1 -> 4 | B6: =IF(E5*F5<0,B5,D5) -> 7.375 | C6: =IF(E5*F5<0,D5,C5) -> 7.5 | D6: =(B6+C6)/2 -> 7.4375 | E6: =B6^3 - EXP(0.8*B6) - 20 -> 16.093392 | F6: =D6^3 - EXP(0.8*D6) - 20 -> 7.6624324 | G6: =ABS(C6-B6)/2 -> 0.0625 | H6: =IF(OR(ABS(F6)<=CONFIG!$B$5,G6<=CONFIG!$B$5),"✓","→") -> →
A7: =A6+1 -> 5 | B7: =IF(E6*F6<0,B6,D6) -> 7.4375 | C7: =IF(E6*F6<0,D6,C6) -> 7.5 | D7: =(B7+C7)/2 -> 7.46875 | E7: =B7^3 - EXP(0.8*B7) - 20 -> 7.6624324 | F7: =D7^3 - EXP(0.8*D7) - 20 -> 3.1554035 | G7: =ABS(C7-B7)/2 -> 0.03125 | H7: =IF(OR(ABS(F7)<=CONFIG!$B$5,G7<=CONFIG!$B$5),"✓","→") -> →
A8: =A7+1 -> 6 | B8: =IF(E7*F7<0,B7,D7) -> 7.46875 | C8: =IF(E7*F7<0,D7,C7) -> 7.5 | D8: =(B8+C8)/2 -> 7.484375 | E8: =B8^3 - EXP(0.8*B8) - 20 -> 3.1554035 | F8: =D8^3 - EXP(0.8*D8) - 20 -> 0.82645007 | G8: =ABS(C8-B8)/2 -> 0.015625 | H8: =IF(OR(ABS(F8)<=CONFIG!$B$5,G8<=CONFIG!$B$5),"✓","→") -> →
A9: =A8+1 -> 7 | B9: =IF(E8*F8<0,B8,D8) -> 7.484375 | C9: =IF(E8*F8<0,D8,C8) -> 7.5 | D9: =(B9+C9)/2 -> 7.4921875 | E9: =B9^3 - EXP(0.8*B9) - 20 -> 0.82645007 | F9: =D9^3 - EXP(0.8*D9) - 20 -> -0.35721317 | G9: =ABS(C9-B9)/2 -> 0.0078125 | H9: =IF(OR(ABS(F9)<=CONFIG!$B$5,G9<=CONFIG!$B$5),"✓","→") -> →
A10: =A9+1 -> 8 | B10: =IF(E9*F9<0,B9,D9) -> 7.484375 | C10: =IF(E9*F9<0,D9,C9) -> 7.4921875 | D10: =(B10+C10)/2 -> 7.4882812 | E10: =B10^3 - EXP(0.8*B10) - 20 -> 0.82645007 | F10: =D10^3 - EXP(0.8*D10) - 20 -> 0.23622715 | G10: =ABS(C10-B10)/2 -> 0.00390625 | H10: =IF(OR(ABS(F10)<=CONFIG!$B$5,G10<=CONFIG!$B$5),"✓","→") -> →
A11: =A10+1 -> 9 | B11: =IF(E10*F10<0,B10,D10) -> 7.4882812 | C11: =IF(E10*F10<0,D10,C10) -> 7.4921875 | D11: =(B11+C11)/2 -> 7.4902344 | E11: =B11^3 - EXP(0.8*B11) - 20 -> 0.23622715 | F11: =D11^3 - EXP(0.8*D11) - 20 -> -0.060090097 | G11: =ABS(C11-B11)/2 -> 0.001953125 | H11: =IF(OR(ABS(F11)<=CONFIG!$B$5,G11<=CONFIG!$B$5),"✓","→") -> →
A12: =A11+1 -> 10 | B12: =IF(E11*F11<0,B11,D11) -> 7.4882812 | C12: =IF(E11*F11<0,D11,C11) -> 7.4902344 | D12: =(B12+C12)/2 -> 7.4892578 | E12: =B12^3 - EXP(0.8*B12) - 20 -> 0.23622715 | F12: =D12^3 - EXP(0.8*D12) - 20 -> 0.088169162 | G12: =ABS(C12-B12)/2 -> 0.0009765625 | H12: =IF(OR(ABS(F12)<=CONFIG!$B$5,G12<=CONFIG!$B$5),"✓","→") -> →
A13: =A12+1 -> 11 | B13: =IF(E12*F12<0,B12,D12) -> 7.4892578 | C13: =IF(E12*F12<0,D12,C12) -> 7.4902344 | D13: =(B13+C13)/2 -> 7.4897461 | E13: =B13^3 - EXP(0.8*B13) - 20 -> 0.088169162 | F13: =D13^3 - EXP(0.8*D13) - 20 -> 0.014064703 | G13: =ABS(C13-B13)/2 -> 0.00048828125 | H13: =IF(OR(ABS(F13)<=CONFIG!$B$5,G13<=CONFIG!$B$5),"✓","→") -> →
A14: =A13+1 -> 12 | B14: =IF(E13*F13<0,B13,D13) -> 7.4897461 | C14: =IF(E13*F13<0,D13,C13) -> 7.4902344 | D14: =(B14+C14)/2 -> 7.4899902 | E14: =B14^3 - EXP(0.8*B14) - 20 -> 0.014064703 | F14: =D14^3 - EXP(0.8*D14) - 20 -> -0.023006403 | G14: =ABS(C14-B14)/2 -> 0.00024414062 | H14: =IF(OR(ABS(F14)<=CONFIG!$B$5,G14<=CONFIG!$B$5),"✓","→") -> →
A15: =A14+1 -> 13 | B15: =IF(E14*F14<0,B14,D14) -> 7.4897461 | C15: =IF(E14*F14<0,D14,C14) -> 7.4899902 | D15: =(B15+C15)/2 -> 7.4898682 | E15: =B15^3 - EXP(0.8*B15) - 20 -> 0.014064703 | F15: =D15^3 - EXP(0.8*D15) - 20 -> -0.0044692767 | G15: =ABS(C15-B15)/2 -> 0.00012207031 | H15: =IF(OR(ABS(F15)<=CONFIG!$B$5,G15<=CONFIG!$B$5),"✓","→") -> →
... A23: =A22+1 -> 21 | B23: =IF(E22*F22<0,B22,D22) -> 7.4898386 | C23: =IF(E22*F22<0,D22,C22) -> 7.4898396 | D23: =(B23+C23)/2 -> 7.4898391 | E23: =B23^3 - EXP(0.8*B23) - 20 -> 1.9710259e-05 | F23: =D23^3 - EXP(0.8*D23) - 20 -> -5.2691292e-05 | G23: =ABS(C23-B23)/2 -> 4.7683716e-07 | H23: =IF(OR(ABS(F23)<=CONFIG!$B$5,G23<=CONFIG!$B$5),"✓","→") -> ✓

Sheet RESULTADOS
A1: RESULTADOS PROBLEMA 1
A2: MÉTODO DE BISCECCIÓN
A4: RAÍZ 1: | B4: ='RAÍZ 1'!D22 -> 3.2082205 | C4: ='RAÍZ 1'!F22 -> 1.3910586e-05
A5: Iteraciones: | B5: =COUNTIF('RAÍZ 1'!H3:H22,"→")+1 -> 20
A7: RAÍZ 2: | B7: ='RAÍZ 2'!D22 -> 7.4898386 | C7: ='RAÍZ 2'!F22 -> 1.9710259e-05
A8: Iteraciones: | B8: =COUNTIF('RAÍZ 2'!H3:H22,"→")+1 -> 20

Sheet Newton=3.5
A1: MÉTODO NEWTON RAPHSON
A2: ITER | B2: x_n | C2: f(x_n) | D2: f'(x_n) | E2: x_n+1 | F2: Error | G2: ¿Parar?
A3: 1 | B3: 3.5 | C3: =B3^3 - EXP(0.8*B3) - 20 -> 6.4303532 | D3: =3*B3^2 - 0.8*EXP(0.8*B3) -> 23.594283 | E3: =B3 - C3/D3 -> 3.2274614 | F3: =ABS(E3-B3) -> 0.27253862 | G3: =IF(OR(ABS(C3)<CONFIG!$B$5,F3<CONFIG!$B$5),"✓","→") -> →
A4: =A3+1 -> 2 | B4: =E3 -> 3.2274614 | C4: =B4^3 - EXP(0.8*B4) - 20 -> 0.39572361 | D4: =3*B4^2 - 0.8*EXP(0.8*B4) -> 20.671001 | E4: =B4 - C4/D4 -> 3.2083175 | F4: =ABS(E4-B4) -> 0.019143902 | G4: =IF(OR(ABS(C4)<CONFIG!$B$5,F4<CONFIG!$B$5),"✓","→") -> →
A5: =A4+1 -> 3 | B5: =E4 -> 3.2083175 | C5: =B5^3 - EXP(0.8*B5) - 20 -> 0.0019985932 | D5: =3*B5^2 - 0.8*EXP(0.8*B5) -> 20.46216 | E5: =B5 - C5/D5 -> 3.2082198 | F5: =ABS(E5-B5) -> 9.767264e-05 | G5: =IF(OR(ABS(C5)<CONFIG!$B$5,F5<CONFIG!$B$5),"✓","→") -> →
A6: =A5+1 -> 4 | B6: =E5 -> 3.2082198 | C6: =B6^3 - EXP(0.8*B6) - 20 -> 5.2067744e-08 | D6: =3*B6^2 - 0.8*EXP(0.8*B6) -> 20.461094 | E6: =B6 - C6/D6 -> 3.2082198 | F6: =ABS(E6-B6) -> 2.5447195e-09 | G6: =IF(OR(ABS(C6)<CONFIG!$B$5,F6<CONFIG!$B$5),"✓","→") -> ✓
A7: =A6+1 -> 5 | B7: =E6 -> 3.2082198 | C7: =B7^3 - EXP(0.8*B7) - 20 -> 0 | D7: =3*B7^2 - 0.8*EXP(0.8*B7) -> 20.461094 | E7: =B7 - C7/D7 -> 3.2082198 | F7: =ABS(E7-B7) -> 0 | G7: =IF(OR(ABS(C7)<CONFIG!$B$5,F7<CONFIG!$B$5),"✓","→") -> ✓

Sheet Newton=7.5
A1: MÉTODO NEWTON RAPHSON
A2: ITER | B2: x_n | C2: f(x_n) | D2: f'(x_n) | E2: x_n+1 | F2: Error | G2: ¿Parar?
A3: 1 | B3: 7.5 | C3: =B3^3 - EXP(0.8*B3) - 20 -> -1.5537935 | D3: =3*B3^2 - 0.8*EXP(0.8*B3) -> -153.99303 | E3: =B3 - (C3/D3) -> 7.48991 | F3: =ABS(E3-B3) -> 0.010090024 | G3: =IF(OR(ABS(C3)<CONFIG!$B$5,F3<CONFIG!$B$5),"✓","→") -> →
A4: =A3+1 -> 2 | B4: =E3 -> 7.48991 | C4: =B4^3 - EXP(0.8*B4) - 20 -> -0.010818247 | D4: =3*B4^2 - 0.8*EXP(0.8*B4) -> -151.85208 | E4: =B4 - (C4/D4) -> 7.4898387 | F4: =ABS(E4-B4) -> 7.1242008e-05 | G4: =IF(OR(ABS(C4)<CONFIG!$B$5,F4<CONFIG!$B$5),"✓","→") -> →
A5: =A4+1 -> 3 | B5: =E4 -> 7.4898387 | C5: =B5^3 - EXP(0.8*B5) - 20 -> -5.3589991e-07 | D5: =3*B5^2 - 0.8*EXP(0.8*B5) -> -151.83703 | E5: =B5 - (C5/D5) -> 7.4898387 | F5: =ABS(E5-B5) -> 3.5294416e-09 | G5: =IF(OR(ABS(C5)<CONFIG!$B$5,F5<CONFIG!$B$5),"✓","→") -> ✓
A6: =A5+1 -> 4 | B6: =E5 -> 7.4898387 | C6: =B6^3 - EXP(0.8*B6) - 20 -> -1.1368684e-13 | D6: =3*B6^2 - 0.8*EXP(0.8*B6) -> -151.83703 | E6: =B6 - (C6/D6) -> 7.4898387 | F6: =ABS(E6-B6) -> 8.8817842e-16 | G6: =IF(OR(ABS(C6)<CONFIG!$B$5,F6<CONFIG!$B$5),"✓","→") -> ✓

Sheet RESULTADOS (2)
A1: RESULTADOS PROBLEMA 1
A2: MÉTODO NEWTON RAPHSON
A4: NEWTON x₀=3.5 | B4: ='Newton=3.5'!E6 -> 3.2082198 | C4: ='Newton=3.5'!F6 -> 2.5447195e-09
A5: Iteraciones: | B5: =COUNTIF('Newton=3.5'!G3:G7,"→")+1 -> 4
A7: NEWTON x₀=7.5 | B7: ='Newton=7.5'!E5 -> 7.4898387 | C7: ='Newton=7.5'!F5 -> 3.5294416e-09
A8: Iteraciones: | B8: =COUNTIF('Newton=7.5'!G3:G5,"→")+1 -> 3

Sheet SEC=3.0,4.0
A1: MÉTODO DE LA SECANTE
A2: ITER | B2: x_n-1 | C2: x_n | D2: f(x_n-1) | E2: f(x_n) | F2: x_n+1 | G2: Error | H2: ¿Parar?
A3: 1 | B3: 3 | C3: 4 | D3: =B3^3 - EXP(0.8*B3) - 20 -> -4.0231764 | E3: =C3^3 - EXP(0.8*C3) - 20 -> 19.46747 | F3: =C3 - E3*(C3-B3)/(E3-D3) -> 3.1712672 | G3: =ABS(F3-C3) -> 0.82873283 | H3: =IF(OR(ABS(F3)<CONFIG!$B$5,G3<CONFIG!$B$5),"✓","→") -> →
A4: =A3+1 -> 2 | B4: =C3 -> 4 | C4: =F3 -> 3.1712672 | D4: =E3 -> 19.46747 | E4: =C4^3 - EXP(0.8*C4) - 20 -> -0.74863344 | F4: =C4 - E4*(C4-B4)/(E4-D4) -> 3.2019564 | G4: =ABS(F4-C4) -> 0.030689253 | H4: =IF(OR(ABS(F4)<CONFIG!$B$5,G4<CONFIG!$B$5),"✓","→") -> →
A5: =A4+1 -> 3 | B5: =C4 -> 3.1712672 | C5: =F4 -> 3.2019564 | D5: =E4 -> -0.74863344 | E5: =C5^3 - EXP(0.8*C5) - 20 -> -0.12794154 | F5: =C5 - E5*(C5-B5)/(E5-D5) -> 3.2082823 | G5: =ABS(F5-C5) -> 0.0063258927 | H5: =IF(OR(ABS(F5)<CONFIG!$B$5,G5<CONFIG!$B$5),"✓","→") -> →
A6: =A5+1 -> 4 | B6: =C5 -> 3.2019564 | C6: =F5 -> 3.2082823 | D6: =E5 -> -0.12794154 | E6: =C6^3 - EXP(0.8*C6) - 20 -> 0.0012790239 | F6: =C6 - E6*(C6-B6)/(E6-D6) -> 3.2082197 | G6: =ABS(F6-C6) -> 6.2613624e-05 | H6: =IF(OR(ABS(F6)<CONFIG!$B$5,G6<CONFIG!$B$5),"✓","→") -> →
A7: =A6+1 -> 5 | B7: =C6 -> 3.2082823 | C7: =F6 -> 3.2082197 | D7: =E6 -> 0.0012790239 | E7: =C7^3 - EXP(0.8*C7) - 20 -> -2.1406681e-06 | F7: =C7 - E7*(C7-B7)/(E7-D7) -> 3.2082198 | G7: =ABS(F7-C7) -> 1.0461965e-07 | H7: =IF(OR(ABS(F7)<CONFIG!$B$5,G7<CONFIG!$B$5),"✓","→") -> ✓
A8: =A7+1 -> 6 | B8: =C7 -> 3.2082197 | C8: =F7 -> 3.2082198 | D8: =E7 -> -2.1406681e-06 | E8: =C8^3 - EXP(0.8*C8) - 20 -> -3.5687009e-11 | F8: =C8 - E8*(C8-B8)/(E8-D8) -> 3.2082198 | G8: =ABS(F8-C8) -> 1.7439383e-12 | H8: =IF(OR(ABS(F8)<CONFIG!$B$5,G8<CONFIG!$B$5),"✓","→") -> ✓

Sheet SEC=7.0,8.0
A1: MÉTODO DE LA SECANTE
A2: ITER | B2: x_n-1 | C2: x_n | D2: f(x_n-1) | E2: f(x_n) | F2: x_n+1 | G2: Error | H2: ¿Parar?
A3: 1 | B3: 7 | C3: 8 | D3: =B3^3 - EXP(0.8*B3) - 20 -> 52.573593 | E3: =C3^3 - EXP(0.8*C3) - 20 -> -109.84504 | F3: =C3 - E3*(C3-B3)/(E3-D3) -> 7.3236919 | G3: =ABS(F3-C3) -> 0.67630812 | H3: =IF(OR(ABS(F3)<CONFIG!$B$5,G3<CONFIG!$B$5),"✓","→") -> →
A4: =A3+1 -> 2 | B4: =C3 -> 8 | C4: =F3 -> 7.3236919 | D4: =E3 -> -109.84504 | E4: =C4^3 - EXP(0.8*C4) - 20 -> 22.459622 | F4: =C4 - E4*(C4-B4)/(E4-D4) -> 7.4384998 | G4: =ABS(F4-C4) -> 0.11480793 | H4: =IF(OR(ABS(F4)<CONFIG!$B$5,G4<CONFIG!$B$5),"✓","→") -> →
A5: =A4+1 -> 3 | B5: =C4 -> 7.3236919 | C5: =F4 -> 7.4384998 | D5: =E4 -> 22.459622 | E5: =C5^3 - EXP(0.8*C5) - 20 -> 7.5213043 | F5: =C5 - E5*(C5-B5)/(E5-D5) -> 7.4963045 | G5: =ABS(F5-C5) -> 0.05780473 | H5: =IF(OR(ABS(F5)<CONFIG!$B$5,G5<CONFIG!$B$5),"✓","→") -> →
A6: =A5+1 -> 4 | B6: =C5 -> 7.4384998 | C6: =F5 -> 7.4963045 | D6: =E5 -> 7.5213043 | E6: =C6^3 - EXP(0.8*C6) - 20 -> -0.9861735 | F6: =C6 - E6*(C6-B6)/(E6-D6) -> 7.4896039 | G6: =ABS(F6-C6) -> 0.0067006337 | H6: =IF(OR(ABS(F6)<CONFIG!$B$5,G6<CONFIG!$B$5),"✓","→") -> →
A7: =A6+1 -> 5 | B7: =C6 -> 7.4963045 | C7: =F6 -> 7.4896039 | D7: =E6 -> -0.9861735 | E7: =C7^3 - EXP(0.8*C7) - 20 -> 0.035648068 | F7: =C7 - E7*(C7-B7)/(E7-D7) -> 7.4898377 | G7: =ABS(F7-C7) -> 0.00023376356 | H7: =IF(OR(ABS(F7)<CONFIG!$B$5,G7<CONFIG!$B$5),"✓","→") -> →
A8: =A7+1 -> 6 | B8: =C7 -> 7.4896039 | C8: =F7 -> 7.4898377 | D8: =E7 -> 0.035648068 | E8: =C8^3 - EXP(0.8*C8) - 20 -> 0.00015992365 | F8: =C8 - E8*(C8-B8)/(E8-D8) -> 7.4898387 | G8: =ABS(F8-C8) -> 1.0534313e-06 | H8: =IF(OR(ABS(F8)<CONFIG!$B$5,G8<CONFIG!$B$5),"✓","→") -> →
A9: =A8+1 -> 7 | B9: =C8 -> 7.4898377 | C9: =F8 -> 7.4898387 | D9: =E8 -> 0.00015992365 | E9: =C9^3 - EXP(0.8*C9) - 20 -> -2.6115686e-08 | F9: =C9 - E9*(C9-B9)/(E9-D9) -> 7.4898387 | G9: =ABS(F9-C9) -> 1.7199842e-10 | H9: =IF(OR(ABS(F9)<CONFIG!$B$5,G9<CONFIG!$B$5),"✓","→") -> ✓
A10: =A9+1 -> 8 | B10: =C9 -> 7.4898387 | C10: =F9 -> 7.4898387 | D10: =E9 -> -2.6115686e-08 | E10: =C10^3 - EXP(0.8*C10) - 20 -> 3.4106051e-13 | F10: =C10 - E10*(C10-B10)/(E10-D10) -> 7.4898387 | G10: =ABS(F10-C10) -> 2.6645353e-15 | H10: =IF(OR(ABS(F10)<CONFIG!$B$5,G10<CONFIG!$B$5),"✓","→") -> ✓
A11: =A10+1 -> 9 | B11: =C10 -> 7.4898387 | C11: =F10 -> 7.4898387 | D11: =E10 -> 3.4106051e-13 | E11: =C11^3 - EXP(0.8*C11) - 20 -> -3.4106051e-13 | F11: =C11 - E11*(C11-B11)/(E11-D11) -> 7.4898387 | G11: =ABS(F11-C11) -> 8.8817842e-16 | H11: =IF(OR(ABS(F11)<CONFIG!$B$5,G11<CONFIG!$B$5),"✓","→") -> ✓

Sheet RESULTADOS (3)
A1: RESULTADOS PROBLEMA 1
A2: MÉTODO DE LA SECANTE
A4: RAÍZ 1: | B4: ='SEC=3.0,4.0'!C7 -> 3.2082197 | C4: ='SEC=3.0,4.0'!G7 -> 1.0461965e-07
A5: Iteraciones: | B5: =COUNTIF('SEC=3.0,4.0'!H3:H8,"→")+1 -> 5
A7: RAÍZ 2: | B7: ='SEC=7.0,8.0'!C9 -> 7.4898387 | C7: ='SEC=7.0,8.0'!G9 -> 1.7199842e-10
A8: Iteraciones: | B8: =COUNTIF('SEC=7.0,8.0'!H3:H15,"→")+1 -> 7
